Date,,Currency,Rate
11/1/19,,AUD,1.45
11/4/19,,AUD,1.45
11/5/19,,AUD,1.45
11/6/19,,AUD,1.45
11/7/19,,AUD,1.45
11/8/19,,AUD,1.46
11/12/19,,AUD,1.46
11/13/19,,AUD,1.46
11/14/19,,AUD,1.47
11/15/19,,AUD,1.47
11/18/19,,AUD,1.47
11/19/19,,AUD,1.47
11/20/19,,AUD,1.47
11/21/19,,AUD,1.47
11/22/19,,AUD,1.47
11/25/19,,AUD,1.48
11/26/19,,AUD,1.47
11/27/19,,AUD,1.47
11/29/19,,AUD,1.48
12/2/19,,AUD,1.47
12/3/19,,AUD,1.46
12/4/19,,AUD,1.46
12/5/19,,AUD,1.46
12/6/19,,AUD,1.46
12/9/19,,AUD,1.46
12/10/19,,AUD,1.47
12/11/19,,AUD,1.46
12/12/19,,AUD,1.45
12/13/19,,AUD,1.46
12/16/19,,AUD,1.45
12/17/19,,AUD,1.46
12/18/19,,AUD,1.46
12/19/19,,AUD,1.45
12/20/19,,AUD,1.45
12/23/19,,AUD,1.45
12/24/19,,AUD,1.44
12/26/19,,AUD,1.44
12/27/19,,AUD,1.43
12/30/19,,AUD,1.43
12/31/19,,AUD,1.42
1/1/20,,AUD,1.42
1/2/20,,AUD,1.43
1/3/20,,AUD,1.44
1/4/20,,AUD,1.44
1/5/20,,AUD,1.44
1/6/20,,AUD,1.44
1/7/20,,AUD,1.46
1/8/20,,AUD,1.45
1/9/20,,AUD,1.46
1/10/20,,AUD,1.45
1/11/20,,AUD,1.45
1/12/20,,AUD,1.45
1/13/20,,AUD,1.45
1/14/20,,AUD,1.45
1/15/20,,AUD,1.45
1/16/20,,AUD,1.45
1/17/20,,AUD,1.45
1/18/20,,AUD,1.45
1/19/20,,AUD,1.45
1/20/20,,AUD,1.45
1/21/20,,AUD,1.46
1/22/20,,AUD,1.46
1/23/20,,AUD,1.46
1/24/20,,AUD,1.47
1/25/20,,AUD,1.47
1/26/20,,AUD,1.47
1/27/20,,AUD,1.48
1/28/20,,AUD,1.48
1/29/20,,AUD,1.48
1/30/20,,AUD,1.49
1/31/20,,AUD,1.49
2/1/20,,AUD,1.49
2/2/20,,AUD,1.49
2/3/20,,AUD,1.49
2/4/20,,AUD,1.49
2/5/20,,AUD,1.48
2/6/20,,AUD,1.49
2/7/20,,AUD,1.50
2/8/20,,AUD,1.50
2/9/20,,AUD,1.50
2/10/20,,AUD,1.49
2/11/20,,AUD,1.49
2/12/20,,AUD,1.49
2/13/20,,AUD,1.49
2/14/20,,AUD,1.49
2/15/20,,AUD,1.49
2/16/20,,AUD,1.49
2/17/20,,AUD,1.49
2/18/20,,AUD,1.49
2/19/20,,AUD,1.50
2/20/20,,AUD,1.51
2/21/20,,AUD,1.51
2/22/20,,AUD,1.51
2/23/20,,AUD,1.51
2/24/20,,AUD,1.51
2/25/20,,AUD,1.51
2/26/20,,AUD,1.53
2/27/20,,AUD,1.52
2/28/20,,AUD,1.53
2/29/20,,AUD,1.53
3/1/20,,AUD,1.53
3/2/20,,AUD,1.53
3/3/20,,AUD,1.52
3/4/20,,AUD,1.51
3/5/20,,AUD,1.51
3/6/20,,AUD,1.51
3/7/20,,AUD,1.50
3/8/20,,AUD,1.51
3/9/20,,AUD,1.52
3/10/20,,AUD,1.54
3/11/20,,AUD,1.54
3/12/20,,AUD,1.59
3/13/20,,AUD,1.62
3/14/20,,AUD,1.62
3/15/20,,AUD,1.62
3/16/20,,AUD,1.64
3/17/20,,AUD,1.67
3/18/20,,AUD,1.72
3/19/20,,AUD,1.74
3/20/20,,AUD,1.73
3/21/20,,AUD,1.73
3/22/20,,AUD,1.74
3/23/20,,AUD,1.70
3/24/20,,AUD,1.67
3/25/20,,AUD,1.69
3/26/20,,AUD,1.65
3/27/20,,AUD,1.62
3/28/20,,AUD,1.62
3/29/20,,AUD,1.62
3/30/20,,AUD,1.62
3/31/20,,AUD,1.63
4/1/20,,AUD,1.64
4/2/20,,AUD,1.65
4/3/20,,AUD,1.67
4/4/20,,AUD,1.67
4/5/20,,AUD,1.67
4/6/20,,AUD,1.63
4/7/20,,AUD,1.63
4/8/20,,AUD,1.60
4/9/20,,AUD,1.58
4/10/20,,AUD,1.57
4/11/20,,AUD,1.57
4/12/20,,AUD,1.58
4/13/20,,AUD,1.56
4/14/20,,AUD,1.55
4/15/20,,AUD,1.59
4/16/20,,AUD,1.57
4/17/20,,AUD,1.57
4/18/20,,AUD,1.57
4/19/20,,AUD,1.58
4/20/20,,AUD,1.58
4/21/20,,AUD,1.59
4/22/20,,AUD,1.59
4/23/20,,AUD,1.57
4/24/20,,AUD,1.56
4/25/20,,AUD,1.57
4/26/20,,AUD,1.57
11/1/19,,NZD,1.55
11/4/19,,NZD,1.56
11/5/19,,NZD,1.57
11/6/19,,NZD,1.57
11/7/19,,NZD,1.57
11/8/19,,NZD,1.58
11/12/19,,NZD,1.58
11/13/19,,NZD,1.56
11/14/19,,NZD,1.57
11/15/19,,NZD,1.56
11/18/19,,NZD,1.56
11/19/19,,NZD,1.56
11/20/19,,NZD,1.56
11/21/19,,NZD,1.56
11/22/19,,NZD,1.56
11/25/19,,NZD,1.56
11/26/19,,NZD,1.56
11/27/19,,NZD,1.56
11/29/19,,NZD,1.56
12/2/19,,NZD,1.54
12/3/19,,NZD,1.53
12/4/19,,NZD,1.53
12/5/19,,NZD,1.53
12/6/19,,NZD,1.52
12/9/19,,NZD,1.53
12/10/19,,NZD,1.53
12/11/19,,NZD,1.52
12/12/19,,NZD,1.52
12/13/19,,NZD,1.52
12/16/19,,NZD,1.52
12/17/19,,NZD,1.52
12/18/19,,NZD,1.52
12/19/19,,NZD,1.51
12/20/19,,NZD,1.51
12/23/19,,NZD,1.51
12/24/19,,NZD,1.51
12/26/19,,NZD,1.50
12/27/19,,NZD,1.49
12/30/19,,NZD,1.48
12/31/19,,NZD,1.48
1/1/20,,NZD,1.48
1/2/20,,NZD,1.49
1/3/20,,NZD,1.50
1/4/20,,NZD,1.50
1/5/20,,NZD,1.50
1/6/20,,NZD,1.50
1/7/20,,NZD,1.51
1/8/20,,NZD,1.50
1/9/20,,NZD,1.51
1/10/20,,NZD,1.51
1/11/20,,NZD,1.51
1/12/20,,NZD,1.51
1/13/20,,NZD,1.51
1/14/20,,NZD,1.51
1/15/20,,NZD,1.51
1/16/20,,NZD,1.51
1/17/20,,NZD,1.51
1/18/20,,NZD,1.51
1/19/20,,NZD,1.51
1/20/20,,NZD,1.51
1/21/20,,NZD,1.52
1/22/20,,NZD,1.52
1/23/20,,NZD,1.51
1/24/20,,NZD,1.51
1/25/20,,NZD,1.51
1/26/20,,NZD,1.52
1/27/20,,NZD,1.53
1/28/20,,NZD,1.53
1/29/20,,NZD,1.53
1/30/20,,NZD,1.54
1/31/20,,NZD,1.55
2/1/20,,NZD,1.55
2/2/20,,NZD,1.55
2/3/20,,NZD,1.55
2/4/20,,NZD,1.54
2/5/20,,NZD,1.54
2/6/20,,NZD,1.55
2/7/20,,NZD,1.56
2/8/20,,NZD,1.56
2/9/20,,NZD,1.56
2/10/20,,NZD,1.57
2/11/20,,NZD,1.56
2/12/20,,NZD,1.55
2/13/20,,NZD,1.55
2/14/20,,NZD,1.55
2/15/20,,NZD,1.55
2/16/20,,NZD,1.55
2/17/20,,NZD,1.55
2/18/20,,NZD,1.56
2/19/20,,NZD,1.57
2/20/20,,NZD,1.58
2/21/20,,NZD,1.58
2/22/20,,NZD,1.58
2/23/20,,NZD,1.58
2/24/20,,NZD,1.58
2/25/20,,NZD,1.58
2/26/20,,NZD,1.59
2/27/20,,NZD,1.58
2/28/20,,NZD,1.60
2/29/20,,NZD,1.60
3/1/20,,NZD,1.61
3/2/20,,NZD,1.60
3/3/20,,NZD,1.60
3/4/20,,NZD,1.59
3/5/20,,NZD,1.58
3/6/20,,NZD,1.57
3/7/20,,NZD,1.57
3/8/20,,NZD,1.58
3/9/20,,NZD,1.58
3/10/20,,NZD,1.60
3/11/20,,NZD,1.60
3/12/20,,NZD,1.64
3/13/20,,NZD,1.65
3/14/20,,NZD,1.65
3/15/20,,NZD,1.65
3/16/20,,NZD,1.65
3/17/20,,NZD,1.68
3/18/20,,NZD,1.75
3/19/20,,NZD,1.76
3/20/20,,NZD,1.76
3/21/20,,NZD,1.76
3/22/20,,NZD,1.78
3/23/20,,NZD,1.74
3/24/20,,NZD,1.72
3/25/20,,NZD,1.72
3/26/20,,NZD,1.67
3/27/20,,NZD,1.66
3/28/20,,NZD,1.66
3/29/20,,NZD,1.65
3/30/20,,NZD,1.66
3/31/20,,NZD,1.68
4/1/20,,NZD,1.68
4/2/20,,NZD,1.69
4/3/20,,NZD,1.70
4/4/20,,NZD,1.70
4/5/20,,NZD,1.71
4/6/20,,NZD,1.68
4/7/20,,NZD,1.68
4/8/20,,NZD,1.66
4/9/20,,NZD,1.65
4/10/20,,NZD,1.64
4/11/20,,NZD,1.64
4/12/20,,NZD,1.65
4/13/20,,NZD,1.64
4/14/20,,NZD,1.64
4/15/20,,NZD,1.67
4/16/20,,NZD,1.67
4/17/20,,NZD,1.66
4/18/20,,NZD,1.66
4/19/20,,NZD,1.66
4/20/20,,NZD,1.65
4/21/20,,NZD,1.68
4/22/20,,NZD,1.69
4/23/20,,NZD,1.67
4/24/20,,NZD,1.66
4/25/20,,NZD,1.66
4/26/20,,NZD,1.66
11/1/19,,GBP,0.77
11/4/19,,GBP,0.77
11/5/19,,GBP,0.78
11/6/19,,GBP,0.78
11/7/19,,GBP,0.78
11/8/19,,GBP,0.78
11/12/19,,GBP,0.78
11/13/19,,GBP,0.78
11/14/19,,GBP,0.78
11/15/19,,GBP,0.78
11/18/19,,GBP,0.77
11/19/19,,GBP,0.77
11/20/19,,GBP,0.77
11/21/19,,GBP,0.77
11/22/19,,GBP,0.78
11/25/19,,GBP,0.78
11/26/19,,GBP,0.78
11/27/19,,GBP,0.78
11/29/19,,GBP,0.77
12/2/19,,GBP,0.77
12/3/19,,GBP,0.77
12/4/19,,GBP,0.76
12/5/19,,GBP,0.76
12/6/19,,GBP,0.76
12/9/19,,GBP,0.76
12/10/19,,GBP,0.76
12/11/19,,GBP,0.76
12/12/19,,GBP,0.76
12/13/19,,GBP,0.75
12/16/19,,GBP,0.75
12/17/19,,GBP,0.76
12/18/19,,GBP,0.76
12/19/19,,GBP,0.77
12/20/19,,GBP,0.77
12/23/19,,GBP,0.77
12/24/19,,GBP,0.77
12/26/19,,GBP,0.77
12/27/19,,GBP,0.76
12/30/19,,GBP,0.76
12/31/19,,GBP,0.75
1/1/20,,GBP,0.75
1/2/20,,GBP,0.76
1/3/20,,GBP,0.76
1/4/20,,GBP,0.76
1/5/20,,GBP,0.76
1/6/20,,GBP,0.76
1/7/20,,GBP,0.76
1/8/20,,GBP,0.76
1/9/20,,GBP,0.77
1/10/20,,GBP,0.77
1/11/20,,GBP,0.77
1/12/20,,GBP,0.77
1/13/20,,GBP,0.77
1/14/20,,GBP,0.77
1/15/20,,GBP,0.77
1/16/20,,GBP,0.76
1/17/20,,GBP,0.77
1/18/20,,GBP,0.77
1/19/20,,GBP,0.77
1/20/20,,GBP,0.77
1/21/20,,GBP,0.77
1/22/20,,GBP,0.76
1/23/20,,GBP,0.76
1/24/20,,GBP,0.76
1/25/20,,GBP,0.76
1/26/20,,GBP,0.77
1/27/20,,GBP,0.77
1/28/20,,GBP,0.77
1/29/20,,GBP,0.77
1/30/20,,GBP,0.76
1/31/20,,GBP,0.76
2/1/20,,GBP,0.76
2/2/20,,GBP,0.76
2/3/20,,GBP,0.77
2/4/20,,GBP,0.77
2/5/20,,GBP,0.77
2/6/20,,GBP,0.77
2/7/20,,GBP,0.78
2/8/20,,GBP,0.78
2/9/20,,GBP,0.78
2/10/20,,GBP,0.77
2/11/20,,GBP,0.77
2/12/20,,GBP,0.77
2/13/20,,GBP,0.77
2/14/20,,GBP,0.77
2/15/20,,GBP,0.77
2/16/20,,GBP,0.77
2/17/20,,GBP,0.77
2/18/20,,GBP,0.77
2/19/20,,GBP,0.77
2/20/20,,GBP,0.78
2/21/20,,GBP,0.77
2/22/20,,GBP,0.77
2/23/20,,GBP,0.77
2/24/20,,GBP,0.77
2/25/20,,GBP,0.77
2/26/20,,GBP,0.77
2/27/20,,GBP,0.78
2/28/20,,GBP,0.78
2/29/20,,GBP,0.78
3/1/20,,GBP,0.78
3/2/20,,GBP,0.78
3/3/20,,GBP,0.78
3/4/20,,GBP,0.78
3/5/20,,GBP,0.77
3/6/20,,GBP,0.77
3/7/20,,GBP,0.77
3/8/20,,GBP,0.76
3/9/20,,GBP,0.76
3/10/20,,GBP,0.77
3/11/20,,GBP,0.78
3/12/20,,GBP,0.80
3/13/20,,GBP,0.82
3/14/20,,GBP,0.81
3/15/20,,GBP,0.81
3/16/20,,GBP,0.82
3/17/20,,GBP,0.83
3/18/20,,GBP,0.86
3/19/20,,GBP,0.87
3/20/20,,GBP,0.86
3/21/20,,GBP,0.86
3/22/20,,GBP,0.86
3/23/20,,GBP,0.86
3/24/20,,GBP,0.85
3/25/20,,GBP,0.84
3/26/20,,GBP,0.82
3/27/20,,GBP,0.80
3/28/20,,GBP,0.80
3/29/20,,GBP,0.80
3/30/20,,GBP,0.81
3/31/20,,GBP,0.81
4/1/20,,GBP,0.81
4/2/20,,GBP,0.81
4/3/20,,GBP,0.81
4/4/20,,GBP,0.81
4/5/20,,GBP,0.82
4/6/20,,GBP,0.82
4/7/20,,GBP,0.81
4/8/20,,GBP,0.81
4/9/20,,GBP,0.80
4/10/20,,GBP,0.80
4/11/20,,GBP,0.80
4/12/20,,GBP,0.80
4/13/20,,GBP,0.80
4/14/20,,GBP,0.79
4/15/20,,GBP,0.80
4/16/20,,GBP,0.80
4/17/20,,GBP,0.80
4/18/20,,GBP,0.80
4/19/20,,GBP,0.80
4/20/20,,GBP,0.80
4/21/20,,GBP,0.81
4/22/20,,GBP,0.81
4/23/20,,GBP,0.81
4/24/20,,GBP,0.81
4/25/20,,GBP,0.81
4/26/20,,GBP,0.81
11/1/19,,BRL,3.98
11/4/19,,BRL,4.00
11/5/19,,BRL,3.99
11/6/19,,BRL,4.06
11/7/19,,BRL,4.09
11/8/19,,BRL,4.15
11/12/19,,BRL,4.17
11/13/19,,BRL,4.18
11/14/19,,BRL,4.19
11/15/19,,BRL,4.20
11/18/19,,BRL,4.19
11/19/19,,BRL,4.20
11/20/19,,BRL,4.20
11/21/19,,BRL,4.22
11/22/19,,BRL,4.19
11/25/19,,BRL,4.22
11/26/19,,BRL,4.26
11/27/19,,BRL,4.26
11/29/19,,BRL,4.23
12/2/19,,BRL,4.22
12/3/19,,BRL,4.19
12/4/19,,BRL,4.19
12/5/19,,BRL,4.19
12/6/19,,BRL,4.17
12/9/19,,BRL,4.13
12/10/19,,BRL,4.14
12/11/19,,BRL,4.12
12/12/19,,BRL,4.10
12/13/19,,BRL,4.11
12/16/19,,BRL,4.07
12/17/19,,BRL,4.07
12/18/19,,BRL,4.06
12/19/19,,BRL,4.06
12/20/19,,BRL,4.09
12/23/19,,BRL,4.06
12/24/19,,BRL,4.08
12/26/19,,BRL,4.06
12/27/19,,BRL,4.05
12/30/19,,BRL,4.02
12/31/19,,BRL,4.02
1/1/20,,BRL,4.02
1/2/20,,BRL,4.02
1/3/20,,BRL,4.07
1/4/20,,BRL,4.07
1/5/20,,BRL,4.06
1/6/20,,BRL,4.06
1/7/20,,BRL,4.07
1/8/20,,BRL,4.06
1/9/20,,BRL,4.09
1/10/20,,BRL,4.10
1/11/20,,BRL,4.08
1/12/20,,BRL,4.09
1/13/20,,BRL,4.15
1/14/20,,BRL,4.13
1/15/20,,BRL,4.18
1/16/20,,BRL,4.19
1/17/20,,BRL,4.16
1/18/20,,BRL,4.16
1/19/20,,BRL,4.16
1/20/20,,BRL,4.19
1/21/20,,BRL,4.21
1/22/20,,BRL,4.18
1/23/20,,BRL,4.17
1/24/20,,BRL,4.18
1/25/20,,BRL,4.18
1/26/20,,BRL,4.18
1/27/20,,BRL,4.21
1/28/20,,BRL,4.19
1/29/20,,BRL,4.23
1/30/20,,BRL,4.24
1/31/20,,BRL,4.28
2/1/20,,BRL,4.28
2/2/20,,BRL,4.28
2/3/20,,BRL,4.25
2/4/20,,BRL,4.26
2/5/20,,BRL,4.24
2/6/20,,BRL,4.28
2/7/20,,BRL,4.32
2/8/20,,BRL,4.32
2/9/20,,BRL,4.32
2/10/20,,BRL,4.32
2/11/20,,BRL,4.33
2/12/20,,BRL,4.36
2/13/20,,BRL,4.35
2/14/20,,BRL,4.30
2/15/20,,BRL,4.30
2/16/20,,BRL,4.30
2/17/20,,BRL,4.33
2/18/20,,BRL,4.36
2/19/20,,BRL,4.37
2/20/20,,BRL,4.39
2/21/20,,BRL,4.39
2/22/20,,BRL,4.39
2/23/20,,BRL,4.39
2/24/20,,BRL,4.39
2/25/20,,BRL,4.39
2/26/20,,BRL,4.45
2/27/20,,BRL,4.49
2/28/20,,BRL,4.47
2/29/20,,BRL,4.47
3/1/20,,BRL,4.48
3/2/20,,BRL,4.47
3/3/20,,BRL,4.51
3/4/20,,BRL,4.58
3/5/20,,BRL,4.61
3/6/20,,BRL,4.63
3/7/20,,BRL,4.63
3/8/20,,BRL,4.63
3/9/20,,BRL,4.72
3/10/20,,BRL,4.64
3/11/20,,BRL,4.82
3/12/20,,BRL,4.79
3/13/20,,BRL,4.86
3/14/20,,BRL,4.86
3/15/20,,BRL,4.86
3/16/20,,BRL,5.00
3/17/20,,BRL,5.01
3/18/20,,BRL,5.11
3/19/20,,BRL,5.10
3/20/20,,BRL,5.06
3/21/20,,BRL,5.06
3/22/20,,BRL,5.05
3/23/20,,BRL,5.14
3/24/20,,BRL,5.10
3/25/20,,BRL,5.04
3/26/20,,BRL,5.02
3/27/20,,BRL,5.10
3/28/20,,BRL,5.10
3/29/20,,BRL,5.11
3/30/20,,BRL,5.19
3/31/20,,BRL,5.20
4/1/20,,BRL,5.25
4/2/20,,BRL,5.26
4/3/20,,BRL,5.35
4/4/20,,BRL,5.35
4/5/20,,BRL,5.35
4/6/20,,BRL,5.29
4/7/20,,BRL,5.22
4/8/20,,BRL,5.12
4/9/20,,BRL,5.11
4/10/20,,BRL,5.11
4/11/20,,BRL,5.11
4/12/20,,BRL,5.11
4/13/20,,BRL,5.20
4/14/20,,BRL,5.16
4/15/20,,BRL,5.24
4/16/20,,BRL,5.23
4/17/20,,BRL,5.23
4/18/20,,BRL,5.24
4/19/20,,BRL,5.23
4/20/20,,BRL,5.32
4/21/20,,BRL,5.32
4/22/20,,BRL,5.46
4/23/20,,BRL,5.53
4/24/20,,BRL,5.59
4/25/20,,BRL,5.59
4/26/20,,BRL,5.59
11/1/19,,CAD,1.31
11/4/19,,CAD,1.31
11/5/19,,CAD,1.32
11/6/19,,CAD,1.32
11/7/19,,CAD,1.32
11/8/19,,CAD,1.32
11/12/19,,CAD,1.32
11/13/19,,CAD,1.32
11/14/19,,CAD,1.33
11/15/19,,CAD,1.32
11/18/19,,CAD,1.32
11/19/19,,CAD,1.32
11/20/19,,CAD,1.33
11/21/19,,CAD,1.33
11/22/19,,CAD,1.33
11/25/19,,CAD,1.33
11/26/19,,CAD,1.33
11/27/19,,CAD,1.33
11/29/19,,CAD,1.33
12/2/19,,CAD,1.33
12/3/19,,CAD,1.33
12/4/19,,CAD,1.32
12/5/19,,CAD,1.32
12/6/19,,CAD,1.33
12/9/19,,CAD,1.32
12/10/19,,CAD,1.32
12/11/19,,CAD,1.32
12/12/19,,CAD,1.32
12/13/19,,CAD,1.32
12/16/19,,CAD,1.32
12/17/19,,CAD,1.32
12/18/19,,CAD,1.31
12/19/19,,CAD,1.31
12/20/19,,CAD,1.32
12/23/19,,CAD,1.32
12/24/19,,CAD,1.32
12/26/19,,CAD,1.31
12/27/19,,CAD,1.31
12/30/19,,CAD,1.31
12/31/19,,CAD,1.30
1/1/20,,CAD,1.30
1/2/20,,CAD,1.30
1/3/20,,CAD,1.30
1/4/20,,CAD,1.30
1/5/20,,CAD,1.30
1/6/20,,CAD,1.30
1/7/20,,CAD,1.30
1/8/20,,CAD,1.30
1/9/20,,CAD,1.31
1/10/20,,CAD,1.31
1/11/20,,CAD,1.31
1/12/20,,CAD,1.31
1/13/20,,CAD,1.31
1/14/20,,CAD,1.31
1/15/20,,CAD,1.30
1/16/20,,CAD,1.30
1/17/20,,CAD,1.31
1/18/20,,CAD,1.31
1/19/20,,CAD,1.31
1/20/20,,CAD,1.30
1/21/20,,CAD,1.31
1/22/20,,CAD,1.31
1/23/20,,CAD,1.31
1/24/20,,CAD,1.31
1/25/20,,CAD,1.31
1/26/20,,CAD,1.32
1/27/20,,CAD,1.32
1/28/20,,CAD,1.32
1/29/20,,CAD,1.32
1/30/20,,CAD,1.32
1/31/20,,CAD,1.32
2/1/20,,CAD,1.32
2/2/20,,CAD,1.32
2/3/20,,CAD,1.33
2/4/20,,CAD,1.33
2/5/20,,CAD,1.33
2/6/20,,CAD,1.33
2/7/20,,CAD,1.33
2/8/20,,CAD,1.33
2/9/20,,CAD,1.33
2/10/20,,CAD,1.33
2/11/20,,CAD,1.33
2/12/20,,CAD,1.33
2/13/20,,CAD,1.33
2/14/20,,CAD,1.33
2/15/20,,CAD,1.33
2/16/20,,CAD,1.32
2/17/20,,CAD,1.32
2/18/20,,CAD,1.33
2/19/20,,CAD,1.32
2/20/20,,CAD,1.33
2/21/20,,CAD,1.32
2/22/20,,CAD,1.32
2/23/20,,CAD,1.33
2/24/20,,CAD,1.33
2/25/20,,CAD,1.33
2/26/20,,CAD,1.33
2/27/20,,CAD,1.34
2/28/20,,CAD,1.34
2/29/20,,CAD,1.34
3/1/20,,CAD,1.34
3/2/20,,CAD,1.33
3/3/20,,CAD,1.34
3/4/20,,CAD,1.34
3/5/20,,CAD,1.34
3/6/20,,CAD,1.34
3/7/20,,CAD,1.34
3/8/20,,CAD,1.36
3/9/20,,CAD,1.37
3/10/20,,CAD,1.37
3/11/20,,CAD,1.38
3/12/20,,CAD,1.39
3/13/20,,CAD,1.38
3/14/20,,CAD,1.38
3/15/20,,CAD,1.38
3/16/20,,CAD,1.40
3/17/20,,CAD,1.42
3/18/20,,CAD,1.44
3/19/20,,CAD,1.45
3/20/20,,CAD,1.44
3/21/20,,CAD,1.44
3/22/20,,CAD,1.45
3/23/20,,CAD,1.45
3/24/20,,CAD,1.44
3/25/20,,CAD,1.42
3/26/20,,CAD,1.40
3/27/20,,CAD,1.40
3/28/20,,CAD,1.40
3/29/20,,CAD,1.40
3/30/20,,CAD,1.42
3/31/20,,CAD,1.41
4/1/20,,CAD,1.42
4/2/20,,CAD,1.41
4/3/20,,CAD,1.42
4/4/20,,CAD,1.42
4/5/20,,CAD,1.43
4/6/20,,CAD,1.41
4/7/20,,CAD,1.40
4/8/20,,CAD,1.40
4/9/20,,CAD,1.40
4/10/20,,CAD,1.40
4/11/20,,CAD,1.40
4/12/20,,CAD,1.40
4/13/20,,CAD,1.39
4/14/20,,CAD,1.39
4/15/20,,CAD,1.41
4/16/20,,CAD,1.40
4/17/20,,CAD,1.40
4/18/20,,CAD,1.40
4/19/20,,CAD,1.41
4/20/20,,CAD,1.41
4/21/20,,CAD,1.42
4/22/20,,CAD,1.42
4/23/20,,CAD,1.41
4/24/20,,CAD,1.41
4/25/20,,CAD,1.41
4/26/20,,CAD,1.41
11/1/19,,CNY,7.04
11/4/19,,CNY,7.03
11/5/19,,CNY,7.01
11/6/19,,CNY,7.00
11/7/19,,CNY,6.98
11/8/19,,CNY,7.00
11/12/19,,CNY,7.01
11/13/19,,CNY,7.02
11/14/19,,CNY,7.02
11/15/19,,CNY,7.01
11/18/19,,CNY,7.02
11/19/19,,CNY,7.03
11/20/19,,CNY,7.03
11/21/19,,CNY,7.03
11/22/19,,CNY,7.04
11/25/19,,CNY,7.03
11/26/19,,CNY,7.03
11/27/19,,CNY,7.03
11/29/19,,CNY,7.03
12/2/19,,CNY,7.04
12/3/19,,CNY,7.06
12/4/19,,CNY,7.05
12/5/19,,CNY,7.04
12/6/19,,CNY,7.03
12/9/19,,CNY,7.04
12/10/19,,CNY,7.03
12/11/19,,CNY,7.04
12/12/19,,CNY,6.99
12/13/19,,CNY,6.99
12/16/19,,CNY,6.99
12/17/19,,CNY,7.00
12/18/19,,CNY,7.00
12/19/19,,CNY,7.01
12/20/19,,CNY,7.01
12/23/19,,CNY,7.01
12/24/19,,CNY,7.01
12/26/19,,CNY,6.99
12/27/19,,CNY,7.00
12/30/19,,CNY,6.99
12/31/19,,CNY,6.96
1/1/20,,CNY,6.96
1/2/20,,CNY,6.96
1/3/20,,CNY,6.97
1/4/20,,CNY,6.97
1/5/20,,CNY,6.97
1/6/20,,CNY,6.98
1/7/20,,CNY,6.95
1/8/20,,CNY,6.95
1/9/20,,CNY,6.95
1/10/20,,CNY,6.92
1/11/20,,CNY,6.92
1/12/20,,CNY,6.92
1/13/20,,CNY,6.89
1/14/20,,CNY,6.90
1/15/20,,CNY,6.89
1/16/20,,CNY,6.88
1/17/20,,CNY,6.86
1/18/20,,CNY,6.86
1/19/20,,CNY,6.86
1/20/20,,CNY,6.87
1/21/20,,CNY,6.91
1/22/20,,CNY,6.91
1/23/20,,CNY,6.94
1/24/20,,CNY,6.94
1/25/20,,CNY,6.94
1/26/20,,CNY,6.94
1/27/20,,CNY,6.94
1/28/20,,CNY,6.94
1/29/20,,CNY,6.94
1/30/20,,CNY,6.94
1/31/20,,CNY,6.94
2/1/20,,CNY,6.94
2/2/20,,CNY,6.94
2/3/20,,CNY,7.02
2/4/20,,CNY,7.00
2/5/20,,CNY,6.97
2/6/20,,CNY,6.97
2/7/20,,CNY,7.00
2/8/20,,CNY,7.00
2/9/20,,CNY,7.00
2/10/20,,CNY,6.98
2/11/20,,CNY,6.97
2/12/20,,CNY,6.97
2/13/20,,CNY,6.98
2/14/20,,CNY,6.99
2/15/20,,CNY,6.99
2/16/20,,CNY,6.99
2/17/20,,CNY,6.98
2/18/20,,CNY,7.00
2/19/20,,CNY,7.00
2/20/20,,CNY,7.02
2/21/20,,CNY,7.03
2/22/20,,CNY,7.03
2/23/20,,CNY,7.03
2/24/20,,CNY,7.03
2/25/20,,CNY,7.04
2/26/20,,CNY,7.04
2/27/20,,CNY,7.00
2/28/20,,CNY,6.99
2/29/20,,CNY,6.99
3/1/20,,CNY,6.99
3/2/20,,CNY,7.00
3/3/20,,CNY,6.96
3/4/20,,CNY,6.97
3/5/20,,CNY,6.94
3/6/20,,CNY,6.93
3/7/20,,CNY,6.93
3/8/20,,CNY,6.93
3/9/20,,CNY,6.95
3/10/20,,CNY,6.96
3/11/20,,CNY,6.96
3/12/20,,CNY,7.03
3/13/20,,CNY,7.01
3/14/20,,CNY,7.01
3/15/20,,CNY,7.01
3/16/20,,CNY,6.99
3/17/20,,CNY,7.01
3/18/20,,CNY,7.05
3/19/20,,CNY,7.11
3/20/20,,CNY,7.10
3/21/20,,CNY,7.10
3/22/20,,CNY,7.10
3/23/20,,CNY,7.09
3/24/20,,CNY,7.06
3/25/20,,CNY,7.11
3/26/20,,CNY,7.07
3/27/20,,CNY,7.10
3/28/20,,CNY,7.10
3/29/20,,CNY,7.10
3/30/20,,CNY,7.10
3/31/20,,CNY,7.08
4/1/20,,CNY,7.10
4/2/20,,CNY,7.08
4/3/20,,CNY,7.09
4/4/20,,CNY,7.09
4/5/20,,CNY,7.09
4/6/20,,CNY,7.09
4/7/20,,CNY,7.05
4/8/20,,CNY,7.07
4/9/20,,CNY,7.04
4/10/20,,CNY,7.04
4/11/20,,CNY,7.04
4/12/20,,CNY,7.04
4/13/20,,CNY,7.05
4/14/20,,CNY,7.05
4/15/20,,CNY,7.07
4/16/20,,CNY,7.08
4/17/20,,CNY,7.07
4/18/20,,CNY,7.07
4/19/20,,CNY,7.07
4/20/20,,CNY,7.07
4/21/20,,CNY,7.07
4/22/20,,CNY,7.08
4/23/20,,CNY,7.07
4/24/20,,CNY,7.08
4/25/20,,CNY,7.08
4/26/20,,CNY,7.08
11/1/19,,HKD,7.84
11/4/19,,HKD,7.84
11/5/19,,HKD,7.83
11/6/19,,HKD,7.83
11/7/19,,HKD,7.83
11/8/19,,HKD,7.83
11/12/19,,HKD,7.83
11/13/19,,HKD,7.83
11/14/19,,HKD,7.83
11/15/19,,HKD,7.83
11/18/19,,HKD,7.83
11/19/19,,HKD,7.83
11/20/19,,HKD,7.83
11/21/19,,HKD,7.82
11/22/19,,HKD,7.82
11/25/19,,HKD,7.83
11/26/19,,HKD,7.83
11/27/19,,HKD,7.83
11/29/19,,HKD,7.83
12/2/19,,HKD,7.83
12/3/19,,HKD,7.83
12/4/19,,HKD,7.83
12/5/19,,HKD,7.83
12/6/19,,HKD,7.83
12/9/19,,HKD,7.83
12/10/19,,HKD,7.83
12/11/19,,HKD,7.81
12/12/19,,HKD,7.81
12/13/19,,HKD,7.80
12/16/19,,HKD,7.79
12/17/19,,HKD,7.79
12/18/19,,HKD,7.79
12/19/19,,HKD,7.80
12/20/19,,HKD,7.80
12/23/19,,HKD,7.79
12/24/19,,HKD,7.79
12/26/19,,HKD,7.79
12/27/19,,HKD,7.79
12/30/19,,HKD,7.79
12/31/19,,HKD,7.79
1/1/20,,HKD,7.79
1/2/20,,HKD,7.79
1/3/20,,HKD,7.78
1/4/20,,HKD,7.78
1/5/20,,HKD,7.78
1/6/20,,HKD,7.77
1/7/20,,HKD,7.78
1/8/20,,HKD,7.78
1/9/20,,HKD,7.77
1/10/20,,HKD,7.77
1/11/20,,HKD,7.77
1/12/20,,HKD,7.77
1/13/20,,HKD,7.77
1/14/20,,HKD,7.78
1/15/20,,HKD,7.77
1/16/20,,HKD,7.77
1/17/20,,HKD,7.77
1/18/20,,HKD,7.77
1/19/20,,HKD,7.77
1/20/20,,HKD,7.77
1/21/20,,HKD,7.77
1/22/20,,HKD,7.77
1/23/20,,HKD,7.77
1/24/20,,HKD,7.77
1/25/20,,HKD,7.77
1/26/20,,HKD,7.77
1/27/20,,HKD,7.78
1/28/20,,HKD,7.78
1/29/20,,HKD,7.77
1/30/20,,HKD,7.77
1/31/20,,HKD,7.77
2/1/20,,HKD,7.77
2/2/20,,HKD,7.77
2/3/20,,HKD,7.77
2/4/20,,HKD,7.77
2/5/20,,HKD,7.76
2/6/20,,HKD,7.76
2/7/20,,HKD,7.76
2/8/20,,HKD,7.76
2/9/20,,HKD,7.77
2/10/20,,HKD,7.77
2/11/20,,HKD,7.77
2/12/20,,HKD,7.77
2/13/20,,HKD,7.77
2/14/20,,HKD,7.77
2/15/20,,HKD,7.77
2/16/20,,HKD,7.77
2/17/20,,HKD,7.77
2/18/20,,HKD,7.77
2/19/20,,HKD,7.77
2/20/20,,HKD,7.78
2/21/20,,HKD,7.79
2/22/20,,HKD,7.79
2/23/20,,HKD,7.79
2/24/20,,HKD,7.79
2/25/20,,HKD,7.79
2/26/20,,HKD,7.79
2/27/20,,HKD,7.79
2/28/20,,HKD,7.80
2/29/20,,HKD,7.80
3/1/20,,HKD,7.79
3/2/20,,HKD,7.78
3/3/20,,HKD,7.77
3/4/20,,HKD,7.77
3/5/20,,HKD,7.77
3/6/20,,HKD,7.77
3/7/20,,HKD,7.77
3/8/20,,HKD,7.77
3/9/20,,HKD,7.77
3/10/20,,HKD,7.77
3/11/20,,HKD,7.77
3/12/20,,HKD,7.78
3/13/20,,HKD,7.78
3/14/20,,HKD,7.78
3/15/20,,HKD,7.76
3/16/20,,HKD,7.77
3/17/20,,HKD,7.76
3/18/20,,HKD,7.76
3/19/20,,HKD,7.76
3/20/20,,HKD,7.76
3/21/20,,HKD,7.76
3/22/20,,HKD,7.76
3/23/20,,HKD,7.76
3/24/20,,HKD,7.75
3/25/20,,HKD,7.75
3/26/20,,HKD,7.75
3/27/20,,HKD,7.76
3/28/20,,HKD,7.76
3/29/20,,HKD,7.75
3/30/20,,HKD,7.75
3/31/20,,HKD,7.75
4/1/20,,HKD,7.75
4/2/20,,HKD,7.75
4/3/20,,HKD,7.75
4/4/20,,HKD,7.75
4/5/20,,HKD,7.75
4/6/20,,HKD,7.75
4/7/20,,HKD,7.75
4/8/20,,HKD,7.75
4/9/20,,HKD,7.75
4/10/20,,HKD,7.75
4/11/20,,HKD,7.75
4/12/20,,HKD,7.75
4/13/20,,HKD,7.75
4/14/20,,HKD,7.75
4/15/20,,HKD,7.75
4/16/20,,HKD,7.75
4/17/20,,HKD,7.75
4/18/20,,HKD,7.75
4/19/20,,HKD,7.75
4/20/20,,HKD,7.75
4/21/20,,HKD,7.75
4/22/20,,HKD,7.75
4/23/20,,HKD,7.75
4/24/20,,HKD,7.75
4/25/20,,HKD,7.75
4/26/20,,HKD,7.75
11/1/19,,INR,70.76
11/4/19,,INR,70.79
11/5/19,,INR,70.81
11/6/19,,INR,70.96
11/7/19,,INR,71.04
11/8/19,,INR,71.35
11/12/19,,INR,71.75
11/13/19,,INR,72.12
11/14/19,,INR,71.99
11/15/19,,INR,71.60
11/18/19,,INR,71.90
11/19/19,,INR,71.86
11/20/19,,INR,71.74
11/21/19,,INR,71.75
11/22/19,,INR,71.76
11/25/19,,INR,71.69
11/26/19,,INR,71.51
11/27/19,,INR,71.26
11/29/19,,INR,71.75
12/2/19,,INR,71.65
12/3/19,,INR,71.70
12/4/19,,INR,71.47
12/5/19,,INR,71.26
12/6/19,,INR,71.26
12/9/19,,INR,71.02
12/10/19,,INR,70.84
12/11/19,,INR,70.73
12/12/19,,INR,70.62
12/13/19,,INR,70.80
12/16/19,,INR,70.89
12/17/19,,INR,71.04
12/18/19,,INR,70.97
12/19/19,,INR,71.11
12/20/19,,INR,71.07
12/23/19,,INR,71.24
12/24/19,,INR,71.23
12/26/19,,INR,71.28
12/27/19,,INR,71.45
12/30/19,,INR,71.30
12/31/19,,INR,71.36
1/1/20,,INR,71.13
1/2/20,,INR,71.43
1/3/20,,INR,71.76
1/4/20,,INR,71.76
1/5/20,,INR,71.76
1/6/20,,INR,71.80
1/7/20,,INR,72.20
1/8/20,,INR,71.45
1/9/20,,INR,71.20
1/10/20,,INR,70.99
1/11/20,,INR,70.96
1/12/20,,INR,70.96
1/13/20,,INR,70.73
1/14/20,,INR,70.86
1/15/20,,INR,70.72
1/16/20,,INR,70.96
1/17/20,,INR,71.04
1/18/20,,INR,71.04
1/19/20,,INR,71.04
1/20/20,,INR,71.04
1/21/20,,INR,71.18
1/22/20,,INR,71.11
1/23/20,,INR,71.33
1/24/20,,INR,71.33
1/25/20,,INR,71.33
1/26/20,,INR,71.33
1/27/20,,INR,71.45
1/28/20,,INR,71.24
1/29/20,,INR,71.31
1/30/20,,INR,71.68
1/31/20,,INR,71.50
2/1/20,,INR,71.50
2/2/20,,INR,71.50
2/3/20,,INR,71.32
2/4/20,,INR,71.11
2/5/20,,INR,71.19
2/6/20,,INR,71.50
2/7/20,,INR,71.52
2/8/20,,INR,71.52
2/9/20,,INR,71.52
2/10/20,,INR,71.30
2/11/20,,INR,71.29
2/12/20,,INR,71.31
2/13/20,,INR,71.28
2/14/20,,INR,71.53
2/15/20,,INR,71.53
2/16/20,,INR,71.53
2/17/20,,INR,71.36
2/18/20,,INR,71.58
2/19/20,,INR,71.84
2/20/20,,INR,72.12
2/21/20,,INR,71.89
2/22/20,,INR,71.89
2/23/20,,INR,71.89
2/24/20,,INR,72.05
2/25/20,,INR,71.88
2/26/20,,INR,71.67
2/27/20,,INR,71.99
2/28/20,,INR,72.18
2/29/20,,INR,72.18
3/1/20,,INR,72.18
3/2/20,,INR,72.83
3/3/20,,INR,73.43
3/4/20,,INR,74.05
3/5/20,,INR,73.87
3/6/20,,INR,74.00
3/7/20,,INR,74.01
3/8/20,,INR,74.01
3/9/20,,INR,74.43
3/10/20,,INR,74.23
3/11/20,,INR,74.78
3/12/20,,INR,75.35
3/13/20,,INR,73.96
3/14/20,,INR,73.96
3/15/20,,INR,73.96
3/16/20,,INR,75.16
3/17/20,,INR,74.02
3/18/20,,INR,74.98
3/19/20,,INR,75.16
3/20/20,,INR,75.62
3/21/20,,INR,75.62
3/22/20,,INR,75.62
3/23/20,,INR,76.57
3/24/20,,INR,77.33
3/25/20,,INR,75.85
3/26/20,,INR,74.73
3/27/20,,INR,74.88
3/28/20,,INR,74.88
3/29/20,,INR,75.47
3/30/20,,INR,75.41
3/31/20,,INR,75.33
4/1/20,,INR,77.61
4/2/20,,INR,77.20
4/3/20,,INR,76.42
4/4/20,,INR,76.42
4/5/20,,INR,76.24
4/6/20,,INR,75.97
4/7/20,,INR,76.72
4/8/20,,INR,75.97
4/9/20,,INR,76.69
4/10/20,,INR,76.18
4/11/20,,INR,76.18
4/12/20,,INR,76.18
4/13/20,,INR,76.94
4/14/20,,INR,75.97
4/15/20,,INR,77.22
4/16/20,,INR,77.58
4/17/20,,INR,76.50
4/18/20,,INR,76.50
4/19/20,,INR,76.57
4/20/20,,INR,76.59
4/21/20,,INR,76.97
4/22/20,,INR,76.41
4/23/20,,INR,76.43
4/24/20,,INR,76.32
4/25/20,,INR,76.30
4/26/20,,INR,76.28
11/1/19,,KRW,1165.45
11/4/19,,KRW,1159.29
11/5/19,,KRW,1157.64
11/6/19,,KRW,1156.73
11/7/19,,KRW,1154.44
11/8/19,,KRW,1157.14
11/12/19,,KRW,1160.80
11/13/19,,KRW,1167.76
11/14/19,,KRW,1169.82
11/15/19,,KRW,1166.98
11/18/19,,KRW,1163.76
11/19/19,,KRW,1167.13
11/20/19,,KRW,1169.80
11/21/19,,KRW,1175.71
11/22/19,,KRW,1179.33
11/25/19,,KRW,1173.09
11/26/19,,KRW,1175.59
11/27/19,,KRW,1176.89
11/29/19,,KRW,1181.33
12/2/19,,KRW,1182.84
12/3/19,,KRW,1190.31
12/4/19,,KRW,1194.45
12/5/19,,KRW,1189.23
12/6/19,,KRW,1189.86
12/9/19,,KRW,1189.45
12/10/19,,KRW,1191.01
12/11/19,,KRW,1192.20
12/12/19,,KRW,1186.41
12/13/19,,KRW,1171.97
12/16/19,,KRW,1171.80
12/17/19,,KRW,1165.81
12/18/19,,KRW,1168.02
12/19/19,,KRW,1165.04
12/20/19,,KRW,1160.30
12/23/19,,KRW,1163.64
12/24/19,,KRW,1163.21
12/26/19,,KRW,1161.18
12/27/19,,KRW,1160.87
12/30/19,,KRW,1155.75
12/31/19,,KRW,1155.46
1/1/20,,KRW,1154.97
1/2/20,,KRW,1157.27
1/3/20,,KRW,1165.86
1/4/20,,KRW,1165.86
1/5/20,,KRW,1165.86
1/6/20,,KRW,1167.51
1/7/20,,KRW,1167.46
1/8/20,,KRW,1161.54
1/9/20,,KRW,1158.81
1/10/20,,KRW,1158.93
1/11/20,,KRW,1158.93
1/12/20,,KRW,1158.93
1/13/20,,KRW,1154.94
1/14/20,,KRW,1158.15
1/15/20,,KRW,1158.78
1/16/20,,KRW,1159.77
1/17/20,,KRW,1161.46
1/18/20,,KRW,1161.46
1/19/20,,KRW,1161.46
1/20/20,,KRW,1158.57
1/21/20,,KRW,1169.74
1/22/20,,KRW,1164.73
1/23/20,,KRW,1168.60
1/24/20,,KRW,1170.24
1/25/20,,KRW,1170.24
1/26/20,,KRW,1170.24
1/27/20,,KRW,1176.86
1/28/20,,KRW,1175.38
1/29/20,,KRW,1179.08
1/30/20,,KRW,1188.12
1/31/20,,KRW,1195.97
2/1/20,,KRW,1195.97
2/2/20,,KRW,1195.97
2/3/20,,KRW,1190.36
2/4/20,,KRW,1183.48
2/5/20,,KRW,1184.46
2/6/20,,KRW,1186.25
2/7/20,,KRW,1192.39
2/8/20,,KRW,1192.39
2/9/20,,KRW,1192.39
2/10/20,,KRW,1187.63
2/11/20,,KRW,1181.72
2/12/20,,KRW,1178.96
2/13/20,,KRW,1184.47
2/14/20,,KRW,1183.48
2/15/20,,KRW,1183.48
2/16/20,,KRW,1183.48
2/17/20,,KRW,1184.81
2/18/20,,KRW,1190.93
2/19/20,,KRW,1192.37
2/20/20,,KRW,1204.70
2/21/20,,KRW,1207.07
2/22/20,,KRW,1207.07
2/23/20,,KRW,1207.07
2/24/20,,KRW,1218.65
2/25/20,,KRW,1215.55
2/26/20,,KRW,1212.36
2/27/20,,KRW,1212.31
2/28/20,,KRW,1200.32
2/29/20,,KRW,1200.32
3/1/20,,KRW,1200.31
3/2/20,,KRW,1189.28
3/3/20,,KRW,1186.71
3/4/20,,KRW,1184.68
3/5/20,,KRW,1188.47
3/6/20,,KRW,1188.80
3/7/20,,KRW,1188.80
3/8/20,,KRW,1188.70
3/9/20,,KRW,1200.96
3/10/20,,KRW,1185.00
3/11/20,,KRW,1191.39
3/12/20,,KRW,1210.97
3/13/20,,KRW,1211.80
3/14/20,,KRW,1211.80
3/15/20,,KRW,1211.80
3/16/20,,KRW,1233.04
3/17/20,,KRW,1238.99
3/18/20,,KRW,1256.35
3/19/20,,KRW,1257.88
3/20/20,,KRW,1254.95
3/21/20,,KRW,1254.95
3/22/20,,KRW,1254.95
3/23/20,,KRW,1264.40
3/24/20,,KRW,1230.55
3/25/20,,KRW,1231.08
3/26/20,,KRW,1213.19
3/27/20,,KRW,1212.74
3/28/20,,KRW,1212.74
3/29/20,,KRW,1212.63
3/30/20,,KRW,1222.82
3/31/20,,KRW,1217.66
4/1/20,,KRW,1235.81
4/2/20,,KRW,1227.85
4/3/20,,KRW,1236.81
4/4/20,,KRW,1236.81
4/5/20,,KRW,1236.80
4/6/20,,KRW,1224.10
4/7/20,,KRW,1215.31
4/8/20,,KRW,1215.75
4/9/20,,KRW,1210.51
4/10/20,,KRW,1212.14
4/11/20,,KRW,1212.14
4/12/20,,KRW,1212.04
4/13/20,,KRW,1214.84
4/14/20,,KRW,1212.48
4/15/20,,KRW,1223.55
4/16/20,,KRW,1227.64
4/17/20,,KRW,1216.26
4/18/20,,KRW,1216.26
4/19/20,,KRW,1216.26
4/20/20,,KRW,1220.65
4/21/20,,KRW,1231.85
4/22/20,,KRW,1232.38
4/23/20,,KRW,1233.45
4/24/20,,KRW,1230.60
4/25/20,,KRW,1230.62
4/26/20,,KRW,1230.60
11/1/19,,MXN,19.10
11/4/19,,MXN,19.17
11/5/19,,MXN,19.22
11/6/19,,MXN,19.20
11/7/19,,MXN,19.13
11/8/19,,MXN,19.11
11/12/19,,MXN,19.27
11/13/19,,MXN,19.43
11/14/19,,MXN,19.44
11/15/19,,MXN,19.21
11/18/19,,MXN,19.25
11/19/19,,MXN,19.34
11/20/19,,MXN,19.48
11/21/19,,MXN,19.42
11/22/19,,MXN,19.40
11/25/19,,MXN,19.46
11/26/19,,MXN,19.49
11/27/19,,MXN,19.54
11/29/19,,MXN,19.54
12/2/19,,MXN,19.57
12/3/19,,MXN,19.56
12/4/19,,MXN,19.48
12/5/19,,MXN,19.36
12/6/19,,MXN,19.33
12/9/19,,MXN,19.23
12/10/19,,MXN,19.21
12/11/19,,MXN,19.18
12/12/19,,MXN,19.09
12/13/19,,MXN,19.07
12/16/19,,MXN,18.98
12/17/19,,MXN,18.91
12/18/19,,MXN,18.96
12/19/19,,MXN,18.94
12/20/19,,MXN,18.91
12/23/19,,MXN,18.93
12/24/19,,MXN,18.96
12/26/19,,MXN,18.94
12/27/19,,MXN,18.82
12/30/19,,MXN,18.86
12/31/19,,MXN,18.86
1/1/20,,MXN,18.91
1/2/20,,MXN,18.85
1/3/20,,MXN,18.92
1/4/20,,MXN,18.92
1/5/20,,MXN,18.95
1/6/20,,MXN,18.84
1/7/20,,MXN,18.98
1/8/20,,MXN,18.83
1/9/20,,MXN,18.85
1/10/20,,MXN,18.79
1/11/20,,MXN,18.80
1/12/20,,MXN,18.80
1/13/20,,MXN,18.81
1/14/20,,MXN,18.81
1/15/20,,MXN,18.80
1/16/20,,MXN,18.78
1/17/20,,MXN,18.66
1/18/20,,MXN,18.66
1/19/20,,MXN,18.66
1/20/20,,MXN,18.67
1/21/20,,MXN,18.77
1/22/20,,MXN,18.70
1/23/20,,MXN,18.76
1/24/20,,MXN,18.79
1/25/20,,MXN,18.79
1/26/20,,MXN,18.87
1/27/20,,MXN,18.89
1/28/20,,MXN,18.73
1/29/20,,MXN,18.70
1/30/20,,MXN,18.80
1/31/20,,MXN,18.84
2/1/20,,MXN,18.84
2/2/20,,MXN,18.87
2/3/20,,MXN,18.83
2/4/20,,MXN,18.67
2/5/20,,MXN,18.60
2/6/20,,MXN,18.65
2/7/20,,MXN,18.76
2/8/20,,MXN,18.76
2/9/20,,MXN,18.80
2/10/20,,MXN,18.71
2/11/20,,MXN,18.66
2/12/20,,MXN,18.64
2/13/20,,MXN,18.61
2/14/20,,MXN,18.54
2/15/20,,MXN,18.54
2/16/20,,MXN,18.55
2/17/20,,MXN,18.57
2/18/20,,MXN,18.59
2/19/20,,MXN,18.57
2/20/20,,MXN,18.86
2/21/20,,MXN,18.91
2/22/20,,MXN,18.91
2/23/20,,MXN,19.01
2/24/20,,MXN,19.05
2/25/20,,MXN,19.08
2/26/20,,MXN,19.29
2/27/20,,MXN,19.46
2/28/20,,MXN,19.62
2/29/20,,MXN,19.62
3/1/20,,MXN,19.83
3/2/20,,MXN,19.42
3/3/20,,MXN,19.45
3/4/20,,MXN,19.53
3/5/20,,MXN,19.83
3/6/20,,MXN,20.11
3/7/20,,MXN,20.11
3/8/20,,MXN,21.07
3/9/20,,MXN,20.82
3/10/20,,MXN,20.80
3/11/20,,MXN,21.43
3/12/20,,MXN,21.98
3/13/20,,MXN,21.92
3/14/20,,MXN,21.92
3/15/20,,MXN,21.82
3/16/20,,MXN,22.62
3/17/20,,MXN,22.97
3/18/20,,MXN,23.66
3/19/20,,MXN,24.06
3/20/20,,MXN,24.42
3/21/20,,MXN,24.42
3/22/20,,MXN,24.77
3/23/20,,MXN,25.35
3/24/20,,MXN,24.78
3/25/20,,MXN,24.02
3/26/20,,MXN,23.25
3/27/20,,MXN,23.39
3/28/20,,MXN,23.39
3/29/20,,MXN,23.60
3/30/20,,MXN,23.84
3/31/20,,MXN,23.77
4/1/20,,MXN,24.22
4/2/20,,MXN,24.25
4/3/20,,MXN,24.99
4/4/20,,MXN,24.99
4/5/20,,MXN,25.28
4/6/20,,MXN,24.56
4/7/20,,MXN,24.32
4/8/20,,MXN,24.00
4/9/20,,MXN,23.69
4/10/20,,MXN,23.35
4/11/20,,MXN,23.35
4/12/20,,MXN,23.46
4/13/20,,MXN,23.60
4/14/20,,MXN,23.38
4/15/20,,MXN,24.25
4/16/20,,MXN,23.78
4/17/20,,MXN,23.74
4/18/20,,MXN,23.72
4/19/20,,MXN,24.03
4/20/20,,MXN,24.01
4/21/20,,MXN,24.38
4/22/20,,MXN,24.49
4/23/20,,MXN,24.77
4/24/20,,MXN,24.99
4/25/20,,MXN,24.99
4/26/20,,MXN,24.99
11/1/19,,ZAR,15.04
11/4/19,,ZAR,14.75
11/5/19,,ZAR,14.78
11/6/19,,ZAR,14.84
11/7/19,,ZAR,14.74
11/8/19,,ZAR,14.80
11/12/19,,ZAR,14.93
11/13/19,,ZAR,14.91
11/14/19,,ZAR,14.83
11/15/19,,ZAR,14.70
11/18/19,,ZAR,14.78
11/19/19,,ZAR,14.76
11/20/19,,ZAR,14.77
11/21/19,,ZAR,14.70
11/22/19,,ZAR,14.73
11/25/19,,ZAR,14.77
11/26/19,,ZAR,14.79
11/27/19,,ZAR,14.74
11/29/19,,ZAR,14.64
12/2/19,,ZAR,14.56
12/3/19,,ZAR,14.65
12/4/19,,ZAR,14.60
12/5/19,,ZAR,14.67
12/6/19,,ZAR,14.63
12/9/19,,ZAR,14.67
12/10/19,,ZAR,14.83
12/11/19,,ZAR,14.72
12/12/19,,ZAR,14.53
12/13/19,,ZAR,14.52
12/16/19,,ZAR,14.40
12/17/19,,ZAR,14.41
12/18/19,,ZAR,14.30
12/19/19,,ZAR,14.22
12/20/19,,ZAR,14.23
12/23/19,,ZAR,14.19
12/24/19,,ZAR,14.14
12/26/19,,ZAR,14.13
12/27/19,,ZAR,14.03
12/30/19,,ZAR,14.06
12/31/19,,ZAR,13.97
1/1/20,,ZAR,14.01
1/2/20,,ZAR,14.09
1/3/20,,ZAR,14.30
1/4/20,,ZAR,14.30
1/5/20,,ZAR,14.33
1/6/20,,ZAR,14.22
1/7/20,,ZAR,14.37
1/8/20,,ZAR,14.17
1/9/20,,ZAR,14.23
1/10/20,,ZAR,14.33
1/11/20,,ZAR,14.36
1/12/20,,ZAR,14.34
1/13/20,,ZAR,14.39
1/14/20,,ZAR,14.41
1/15/20,,ZAR,14.39
1/16/20,,ZAR,14.42
1/17/20,,ZAR,14.48
1/18/20,,ZAR,14.48
1/19/20,,ZAR,14.48
1/20/20,,ZAR,14.51
1/21/20,,ZAR,14.50
1/22/20,,ZAR,14.34
1/23/20,,ZAR,14.38
1/24/20,,ZAR,14.41
1/25/20,,ZAR,14.41
1/26/20,,ZAR,14.46
1/27/20,,ZAR,14.60
1/28/20,,ZAR,14.55
1/29/20,,ZAR,14.61
1/30/20,,ZAR,14.76
1/31/20,,ZAR,15.01
2/1/20,,ZAR,15.01
2/2/20,,ZAR,15.01
2/3/20,,ZAR,14.88
2/4/20,,ZAR,14.78
2/5/20,,ZAR,14.76
2/6/20,,ZAR,14.92
2/7/20,,ZAR,15.08
2/8/20,,ZAR,15.08
2/9/20,,ZAR,15.08
2/10/20,,ZAR,14.97
2/11/20,,ZAR,14.81
2/12/20,,ZAR,14.87
2/13/20,,ZAR,14.91
2/14/20,,ZAR,14.91
2/15/20,,ZAR,14.91
2/16/20,,ZAR,14.89
2/17/20,,ZAR,14.99
2/18/20,,ZAR,15.02
2/19/20,,ZAR,14.99
2/20/20,,ZAR,15.12
2/21/20,,ZAR,15.00
2/22/20,,ZAR,15.00
2/23/20,,ZAR,15.08
2/24/20,,ZAR,15.13
2/25/20,,ZAR,15.22
2/26/20,,ZAR,15.28
2/27/20,,ZAR,15.48
2/28/20,,ZAR,15.66
2/29/20,,ZAR,15.66
3/1/20,,ZAR,15.77
3/2/20,,ZAR,15.41
3/3/20,,ZAR,15.41
3/4/20,,ZAR,15.27
3/5/20,,ZAR,15.60
3/6/20,,ZAR,15.67
3/7/20,,ZAR,15.67
3/8/20,,ZAR,16.08
3/9/20,,ZAR,16.06
3/10/20,,ZAR,15.96
3/11/20,,ZAR,16.26
3/12/20,,ZAR,16.58
3/13/20,,ZAR,16.10
3/14/20,,ZAR,16.10
3/15/20,,ZAR,16.26
3/16/20,,ZAR,16.61
3/17/20,,ZAR,16.54
3/18/20,,ZAR,17.10
3/19/20,,ZAR,17.39
3/20/20,,ZAR,17.64
3/21/20,,ZAR,17.64
3/22/20,,ZAR,17.70
3/23/20,,ZAR,17.77
3/24/20,,ZAR,17.51
3/25/20,,ZAR,17.29
3/26/20,,ZAR,17.33
3/27/20,,ZAR,17.57
3/28/20,,ZAR,17.57
3/29/20,,ZAR,17.91
3/30/20,,ZAR,17.94
3/31/20,,ZAR,17.84
4/1/20,,ZAR,18.23
4/2/20,,ZAR,18.49
4/3/20,,ZAR,19.05
4/4/20,,ZAR,19.05
4/5/20,,ZAR,19.26
4/6/20,,ZAR,18.66
4/7/20,,ZAR,18.25
4/8/20,,ZAR,18.22
4/9/20,,ZAR,18.05
4/10/20,,ZAR,18.06
4/11/20,,ZAR,18.06
4/12/20,,ZAR,18.04
4/13/20,,ZAR,18.11
4/14/20,,ZAR,18.31
4/15/20,,ZAR,18.67
4/16/20,,ZAR,18.67
4/17/20,,ZAR,18.82
4/18/20,,ZAR,18.80
4/19/20,,ZAR,18.81
4/20/20,,ZAR,18.79
4/21/20,,ZAR,18.97
4/22/20,,ZAR,19.00
4/23/20,,ZAR,19.11
4/24/20,,ZAR,19.04
4/25/20,,ZAR,19.05
4/26/20,,ZAR,19.04
11/1/19,,SGD,1.36
11/4/19,,SGD,1.36
11/5/19,,SGD,1.36
11/6/19,,SGD,1.36
11/7/19,,SGD,1.36
11/8/19,,SGD,1.36
11/12/19,,SGD,1.36
11/13/19,,SGD,1.36
11/14/19,,SGD,1.36
11/15/19,,SGD,1.36
11/18/19,,SGD,1.36
11/19/19,,SGD,1.36
11/20/19,,SGD,1.36
11/21/19,,SGD,1.36
11/22/19,,SGD,1.36
11/25/19,,SGD,1.37
11/26/19,,SGD,1.36
11/27/19,,SGD,1.37
11/29/19,,SGD,1.37
12/2/19,,SGD,1.37
12/3/19,,SGD,1.36
12/4/19,,SGD,1.36
12/5/19,,SGD,1.36
12/6/19,,SGD,1.36
12/9/19,,SGD,1.36
12/10/19,,SGD,1.36
12/11/19,,SGD,1.36
12/12/19,,SGD,1.36
12/13/19,,SGD,1.35
12/16/19,,SGD,1.35
12/17/19,,SGD,1.35
12/18/19,,SGD,1.36
12/19/19,,SGD,1.35
12/20/19,,SGD,1.36
12/23/19,,SGD,1.36
12/24/19,,SGD,1.36
12/26/19,,SGD,1.35
12/27/19,,SGD,1.35
12/30/19,,SGD,1.35
12/31/19,,SGD,1.34
1/1/20,,SGD,1.35
1/2/20,,SGD,1.35
1/3/20,,SGD,1.35
1/4/20,,SGD,1.35
1/5/20,,SGD,1.35
1/6/20,,SGD,1.35
1/7/20,,SGD,1.35
1/8/20,,SGD,1.35
1/9/20,,SGD,1.35
1/10/20,,SGD,1.35
1/11/20,,SGD,1.35
1/12/20,,SGD,1.35
1/13/20,,SGD,1.35
1/14/20,,SGD,1.35
1/15/20,,SGD,1.35
1/16/20,,SGD,1.35
1/17/20,,SGD,1.35
1/18/20,,SGD,1.35
1/19/20,,SGD,1.35
1/20/20,,SGD,1.35
1/21/20,,SGD,1.35
1/22/20,,SGD,1.35
1/23/20,,SGD,1.35
1/24/20,,SGD,1.35
1/25/20,,SGD,1.35
1/26/20,,SGD,1.35
1/27/20,,SGD,1.36
1/28/20,,SGD,1.36
1/29/20,,SGD,1.36
1/30/20,,SGD,1.36
1/31/20,,SGD,1.36
2/1/20,,SGD,1.36
2/2/20,,SGD,1.36
2/3/20,,SGD,1.37
2/4/20,,SGD,1.37
2/5/20,,SGD,1.38
2/6/20,,SGD,1.39
2/7/20,,SGD,1.39
2/8/20,,SGD,1.39
2/9/20,,SGD,1.39
2/10/20,,SGD,1.39
2/11/20,,SGD,1.39
2/12/20,,SGD,1.39
2/13/20,,SGD,1.39
2/14/20,,SGD,1.39
2/15/20,,SGD,1.39
2/16/20,,SGD,1.39
2/17/20,,SGD,1.39
2/18/20,,SGD,1.39
2/19/20,,SGD,1.39
2/20/20,,SGD,1.40
2/21/20,,SGD,1.40
2/22/20,,SGD,1.40
2/23/20,,SGD,1.40
2/24/20,,SGD,1.40
2/25/20,,SGD,1.40
2/26/20,,SGD,1.40
2/27/20,,SGD,1.39
2/28/20,,SGD,1.39
2/29/20,,SGD,1.39
3/1/20,,SGD,1.39
3/2/20,,SGD,1.39
3/3/20,,SGD,1.39
3/4/20,,SGD,1.38
3/5/20,,SGD,1.38
3/6/20,,SGD,1.38
3/7/20,,SGD,1.38
3/8/20,,SGD,1.38
3/9/20,,SGD,1.39
3/10/20,,SGD,1.39
3/11/20,,SGD,1.40
3/12/20,,SGD,1.41
3/13/20,,SGD,1.42
3/14/20,,SGD,1.42
3/15/20,,SGD,1.41
3/16/20,,SGD,1.42
3/17/20,,SGD,1.43
3/18/20,,SGD,1.44
3/19/20,,SGD,1.45
3/20/20,,SGD,1.45
3/21/20,,SGD,1.45
3/22/20,,SGD,1.46
3/23/20,,SGD,1.46
3/24/20,,SGD,1.45
3/25/20,,SGD,1.45
3/26/20,,SGD,1.43
3/27/20,,SGD,1.43
3/28/20,,SGD,1.43
3/29/20,,SGD,1.43
3/30/20,,SGD,1.42
3/31/20,,SGD,1.42
4/1/20,,SGD,1.43
4/2/20,,SGD,1.43
4/3/20,,SGD,1.44
4/4/20,,SGD,1.44
4/5/20,,SGD,1.44
4/6/20,,SGD,1.43
4/7/20,,SGD,1.43
4/8/20,,SGD,1.43
4/9/20,,SGD,1.42
4/10/20,,SGD,1.41
4/11/20,,SGD,1.41
4/12/20,,SGD,1.41
4/13/20,,SGD,1.41
4/14/20,,SGD,1.41
4/15/20,,SGD,1.43
4/16/20,,SGD,1.42
4/17/20,,SGD,1.42
4/18/20,,SGD,1.42
4/19/20,,SGD,1.42
4/20/20,,SGD,1.42
4/21/20,,SGD,1.43
4/22/20,,SGD,1.43
4/23/20,,SGD,1.42
4/24/20,,SGD,1.42
4/25/20,,SGD,1.42
4/26/20,,SGD,1.42
11/1/19,,DKK,6.69
11/4/19,,DKK,6.70
11/5/19,,DKK,6.75
11/6/19,,DKK,6.75
11/7/19,,DKK,6.77
11/8/19,,DKK,6.78
11/12/19,,DKK,6.78
11/13/19,,DKK,6.79
11/14/19,,DKK,6.78
11/15/19,,DKK,6.76
11/18/19,,DKK,6.74
11/19/19,,DKK,6.75
11/20/19,,DKK,6.75
11/21/19,,DKK,6.75
11/22/19,,DKK,6.78
11/25/19,,DKK,6.79
11/26/19,,DKK,6.78
11/27/19,,DKK,6.79
11/29/19,,DKK,6.78
12/2/19,,DKK,6.75
12/3/19,,DKK,6.74
12/4/19,,DKK,6.75
12/5/19,,DKK,6.73
12/6/19,,DKK,6.76
12/9/19,,DKK,6.75
12/10/19,,DKK,6.74
12/11/19,,DKK,6.74
12/12/19,,DKK,6.72
12/13/19,,DKK,6.72
12/16/19,,DKK,6.71
12/17/19,,DKK,6.70
12/18/19,,DKK,6.72
12/19/19,,DKK,6.71
12/20/19,,DKK,6.74
12/23/19,,DKK,6.74
12/24/19,,DKK,6.74
12/26/19,,DKK,6.73
12/27/19,,DKK,6.68
12/30/19,,DKK,6.66
12/31/19,,DKK,6.66
1/1/20,,DKK,6.66
1/2/20,,DKK,6.69
1/3/20,,DKK,6.70
1/4/20,,DKK,6.70
1/5/20,,DKK,6.70
1/6/20,,DKK,6.68
1/7/20,,DKK,6.70
1/8/20,,DKK,6.72
1/9/20,,DKK,6.73
1/10/20,,DKK,6.72
1/11/20,,DKK,6.72
1/12/20,,DKK,6.72
1/13/20,,DKK,6.71
1/14/20,,DKK,6.72
1/15/20,,DKK,6.70
1/16/20,,DKK,6.71
1/17/20,,DKK,6.74
1/18/20,,DKK,6.74
1/19/20,,DKK,6.74
1/20/20,,DKK,6.73
1/21/20,,DKK,6.74
1/22/20,,DKK,6.73
1/23/20,,DKK,6.76
1/24/20,,DKK,6.78
1/25/20,,DKK,6.78
1/26/20,,DKK,6.78
1/27/20,,DKK,6.78
1/28/20,,DKK,6.78
1/29/20,,DKK,6.78
1/30/20,,DKK,6.78
1/31/20,,DKK,6.73
2/1/20,,DKK,6.73
2/2/20,,DKK,6.74
2/3/20,,DKK,6.76
2/4/20,,DKK,6.77
2/5/20,,DKK,6.79
2/6/20,,DKK,6.81
2/7/20,,DKK,6.83
2/8/20,,DKK,6.83
2/9/20,,DKK,6.82
2/10/20,,DKK,6.85
2/11/20,,DKK,6.84
2/12/20,,DKK,6.87
2/13/20,,DKK,6.89
2/14/20,,DKK,6.90
2/15/20,,DKK,6.90
2/16/20,,DKK,6.89
2/17/20,,DKK,6.89
2/18/20,,DKK,6.92
2/19/20,,DKK,6.91
2/20/20,,DKK,6.92
2/21/20,,DKK,6.89
2/22/20,,DKK,6.89
2/23/20,,DKK,6.89
2/24/20,,DKK,6.89
2/25/20,,DKK,6.87
2/26/20,,DKK,6.86
2/27/20,,DKK,6.79
2/28/20,,DKK,6.78
2/29/20,,DKK,6.78
3/1/20,,DKK,6.76
3/2/20,,DKK,6.71
3/3/20,,DKK,6.69
3/4/20,,DKK,6.71
3/5/20,,DKK,6.66
3/6/20,,DKK,6.62
3/7/20,,DKK,6.62
3/8/20,,DKK,6.56
3/9/20,,DKK,6.55
3/10/20,,DKK,6.60
3/11/20,,DKK,6.64
3/12/20,,DKK,6.68
3/13/20,,DKK,6.73
3/14/20,,DKK,6.73
3/15/20,,DKK,6.70
3/16/20,,DKK,6.70
3/17/20,,DKK,6.78
3/18/20,,DKK,6.82
3/19/20,,DKK,7.01
3/20/20,,DKK,6.98
3/21/20,,DKK,6.98
3/22/20,,DKK,6.98
3/23/20,,DKK,6.94
3/24/20,,DKK,6.91
3/25/20,,DKK,6.86
3/26/20,,DKK,6.76
3/27/20,,DKK,6.70
3/28/20,,DKK,6.70
3/29/20,,DKK,6.70
3/30/20,,DKK,6.77
3/31/20,,DKK,6.77
4/1/20,,DKK,6.81
4/2/20,,DKK,6.88
4/3/20,,DKK,6.91
4/4/20,,DKK,6.91
4/5/20,,DKK,6.91
4/6/20,,DKK,6.91
4/7/20,,DKK,6.85
4/8/20,,DKK,6.87
4/9/20,,DKK,6.83
4/10/20,,DKK,6.83
4/11/20,,DKK,6.83
4/12/20,,DKK,6.83
4/13/20,,DKK,6.84
4/14/20,,DKK,6.79
4/15/20,,DKK,6.84
4/16/20,,DKK,6.87
4/17/20,,DKK,6.86
4/18/20,,DKK,6.86
4/19/20,,DKK,6.87
4/20/20,,DKK,6.86
4/21/20,,DKK,6.87
4/22/20,,DKK,6.90
4/23/20,,DKK,6.92
4/24/20,,DKK,6.89
4/25/20,,DKK,6.89
4/26/20,,DKK,6.89
11/1/19,,JPY,108.16
11/4/19,,JPY,108.56
11/5/19,,JPY,109.13
11/6/19,,JPY,108.86
11/7/19,,JPY,109.42
11/8/19,,JPY,109.14
11/12/19,,JPY,109.09
11/13/19,,JPY,108.83
11/14/19,,JPY,108.33
11/15/19,,JPY,108.80
11/18/19,,JPY,108.61
11/19/19,,JPY,108.59
11/20/19,,JPY,108.67
11/21/19,,JPY,108.53
11/22/19,,JPY,108.67
11/25/19,,JPY,108.95
11/26/19,,JPY,109.11
11/27/19,,JPY,109.38
11/29/19,,JPY,109.47
12/2/19,,JPY,109.09
12/3/19,,JPY,108.53
12/4/19,,JPY,108.87
12/5/19,,JPY,108.69
12/6/19,,JPY,108.66
12/9/19,,JPY,108.59
12/10/19,,JPY,108.73
12/11/19,,JPY,108.67
12/12/19,,JPY,109.16
12/13/19,,JPY,109.28
12/16/19,,JPY,109.64
12/17/19,,JPY,109.52
12/18/19,,JPY,109.58
12/19/19,,JPY,109.23
12/20/19,,JPY,109.45
12/23/19,,JPY,109.39
12/24/19,,JPY,109.38
12/26/19,,JPY,109.67
12/27/19,,JPY,109.47
12/30/19,,JPY,108.85
12/31/19,,JPY,108.67
1/1/20,,JPY,108.72
1/2/20,,JPY,108.55
1/3/20,,JPY,108.09
1/4/20,,JPY,108.09
1/5/20,,JPY,107.97
1/6/20,,JPY,108.41
1/7/20,,JPY,108.02
1/8/20,,JPY,109.03
1/9/20,,JPY,109.51
1/10/20,,JPY,109.46
1/11/20,,JPY,109.49
1/12/20,,JPY,109.57
1/13/20,,JPY,109.99
1/14/20,,JPY,109.86
1/15/20,,JPY,109.89
1/16/20,,JPY,110.18
1/17/20,,JPY,110.13
1/18/20,,JPY,110.13
1/19/20,,JPY,110.19
1/20/20,,JPY,110.18
1/21/20,,JPY,109.91
1/22/20,,JPY,109.73
1/23/20,,JPY,109.56
1/24/20,,JPY,109.28
1/25/20,,JPY,109.28
1/26/20,,JPY,108.81
1/27/20,,JPY,108.93
1/28/20,,JPY,109.14
1/29/20,,JPY,108.99
1/30/20,,JPY,108.88
1/31/20,,JPY,108.34
2/1/20,,JPY,108.34
2/2/20,,JPY,108.38
2/3/20,,JPY,108.61
2/4/20,,JPY,109.45
2/5/20,,JPY,109.82
2/6/20,,JPY,109.97
2/7/20,,JPY,109.73
2/8/20,,JPY,109.73
2/9/20,,JPY,109.65
2/10/20,,JPY,109.77
2/11/20,,JPY,109.85
2/12/20,,JPY,109.85
2/13/20,,JPY,109.76
2/14/20,,JPY,109.79
2/15/20,,JPY,109.79
2/16/20,,JPY,109.79
2/17/20,,JPY,109.84
2/18/20,,JPY,109.92
2/19/20,,JPY,111.22
2/20/20,,JPY,111.96
2/21/20,,JPY,111.58
2/22/20,,JPY,111.58
2/23/20,,JPY,111.56
2/24/20,,JPY,110.86
2/25/20,,JPY,110.29
2/26/20,,JPY,110.37
2/27/20,,JPY,109.66
2/28/20,,JPY,108.12
2/29/20,,JPY,108.12
3/1/20,,JPY,107.70
3/2/20,,JPY,108.49
3/3/20,,JPY,107.04
3/4/20,,JPY,107.68
3/5/20,,JPY,106.25
3/6/20,,JPY,105.30
3/7/20,,JPY,105.32
3/8/20,,JPY,103.95
3/9/20,,JPY,103.12
3/10/20,,JPY,105.03
3/11/20,,JPY,104.56
3/12/20,,JPY,104.61
3/13/20,,JPY,107.94
3/14/20,,JPY,107.94
3/15/20,,JPY,106.70
3/16/20,,JPY,106.18
3/17/20,,JPY,107.38
3/18/20,,JPY,108.37
3/19/20,,JPY,111.30
3/20/20,,JPY,110.97
3/21/20,,JPY,110.97
3/22/20,,JPY,110.47
3/23/20,,JPY,110.83
3/24/20,,JPY,111.12
3/25/20,,JPY,110.88
3/26/20,,JPY,109.11
3/27/20,,JPY,107.92
3/28/20,,JPY,107.92
3/29/20,,JPY,107.42
3/30/20,,JPY,108.04
3/31/20,,JPY,107.51
4/1/20,,JPY,107.26
4/2/20,,JPY,108.00
4/3/20,,JPY,108.43
4/4/20,,JPY,108.43
4/5/20,,JPY,108.70
4/6/20,,JPY,109.12
4/7/20,,JPY,108.66
4/8/20,,JPY,108.92
4/9/20,,JPY,108.57
4/10/20,,JPY,108.36
4/11/20,,JPY,108.36
4/12/20,,JPY,108.34
4/13/20,,JPY,107.62
4/14/20,,JPY,107.11
4/15/20,,JPY,107.61
4/16/20,,JPY,107.95
4/17/20,,JPY,107.58
4/18/20,,JPY,107.57
4/19/20,,JPY,107.68
4/20/20,,JPY,107.67
4/21/20,,JPY,107.73
4/22/20,,JPY,107.82
4/23/20,,JPY,107.67
4/24/20,,JPY,107.47
4/25/20,,JPY,107.47
4/26/20,,JPY,107.47
11/1/19,,MYR,4.16
11/4/19,,MYR,4.15
11/5/19,,MYR,4.13
11/6/19,,MYR,4.14
11/7/19,,MYR,4.12
11/8/19,,MYR,4.13
11/12/19,,MYR,4.14
11/13/19,,MYR,4.15
11/14/19,,MYR,4.16
11/15/19,,MYR,4.15
11/18/19,,MYR,4.15
11/19/19,,MYR,4.16
11/20/19,,MYR,4.16
11/21/19,,MYR,4.17
11/22/19,,MYR,4.17
11/25/19,,MYR,4.18
11/26/19,,MYR,4.18
11/27/19,,MYR,4.17
11/29/19,,MYR,4.18
12/2/19,,MYR,4.18
12/3/19,,MYR,4.17
12/4/19,,MYR,4.18
12/5/19,,MYR,4.17
12/6/19,,MYR,4.16
12/9/19,,MYR,4.16
12/10/19,,MYR,4.16
12/11/19,,MYR,4.16
12/12/19,,MYR,4.16
12/13/19,,MYR,4.14
12/16/19,,MYR,4.14
12/17/19,,MYR,4.14
12/18/19,,MYR,4.14
12/19/19,,MYR,4.14
12/20/19,,MYR,4.14
12/23/19,,MYR,4.14
12/24/19,,MYR,4.14
12/26/19,,MYR,4.13
12/27/19,,MYR,4.13
12/30/19,,MYR,4.11
12/31/19,,MYR,4.09
1/1/20,,MYR,4.09
1/2/20,,MYR,4.09
1/3/20,,MYR,4.10
1/4/20,,MYR,4.10
1/5/20,,MYR,4.10
1/6/20,,MYR,4.10
1/7/20,,MYR,4.09
1/8/20,,MYR,4.10
1/9/20,,MYR,4.09
1/10/20,,MYR,4.08
1/11/20,,MYR,4.08
1/12/20,,MYR,4.08
1/13/20,,MYR,4.06
1/14/20,,MYR,4.07
1/15/20,,MYR,4.07
1/16/20,,MYR,4.06
1/17/20,,MYR,4.06
1/18/20,,MYR,4.06
1/19/20,,MYR,4.06
1/20/20,,MYR,4.06
1/21/20,,MYR,4.07
1/22/20,,MYR,4.07
1/23/20,,MYR,4.07
1/24/20,,MYR,4.07
1/25/20,,MYR,4.07
1/26/20,,MYR,4.07
1/27/20,,MYR,4.07
1/28/20,,MYR,4.09
1/29/20,,MYR,4.08
1/30/20,,MYR,4.09
1/31/20,,MYR,4.10
2/1/20,,MYR,4.10
2/2/20,,MYR,4.10
2/3/20,,MYR,4.12
2/4/20,,MYR,4.11
2/5/20,,MYR,4.12
2/6/20,,MYR,4.12
2/7/20,,MYR,4.14
2/8/20,,MYR,4.14
2/9/20,,MYR,4.14
2/10/20,,MYR,4.15
2/11/20,,MYR,4.13
2/12/20,,MYR,4.14
2/13/20,,MYR,4.14
2/14/20,,MYR,4.14
2/15/20,,MYR,4.14
2/16/20,,MYR,4.14
2/17/20,,MYR,4.14
2/18/20,,MYR,4.15
2/19/20,,MYR,4.16
2/20/20,,MYR,4.18
2/21/20,,MYR,4.19
2/22/20,,MYR,4.19
2/23/20,,MYR,4.19
2/24/20,,MYR,4.23
2/25/20,,MYR,4.23
2/26/20,,MYR,4.23
2/27/20,,MYR,4.21
2/28/20,,MYR,4.21
2/29/20,,MYR,4.21
3/1/20,,MYR,4.21
3/2/20,,MYR,4.20
3/3/20,,MYR,4.21
3/4/20,,MYR,4.18
3/5/20,,MYR,4.16
3/6/20,,MYR,4.17
3/7/20,,MYR,4.17
3/8/20,,MYR,4.17
3/9/20,,MYR,4.22
3/10/20,,MYR,4.23
3/11/20,,MYR,4.25
3/12/20,,MYR,4.27
3/13/20,,MYR,4.28
3/14/20,,MYR,4.28
3/15/20,,MYR,4.28
3/16/20,,MYR,4.31
3/17/20,,MYR,4.35
3/18/20,,MYR,4.37
3/19/20,,MYR,4.42
3/20/20,,MYR,4.39
3/21/20,,MYR,4.39
3/22/20,,MYR,4.39
3/23/20,,MYR,4.44
3/24/20,,MYR,4.43
3/25/20,,MYR,4.39
3/26/20,,MYR,4.36
3/27/20,,MYR,4.33
3/28/20,,MYR,4.33
3/29/20,,MYR,4.32
3/30/20,,MYR,4.33
3/31/20,,MYR,4.31
4/1/20,,MYR,4.36
4/2/20,,MYR,4.36
4/3/20,,MYR,4.36
4/4/20,,MYR,4.36
4/5/20,,MYR,4.36
4/6/20,,MYR,4.36
4/7/20,,MYR,4.34
4/8/20,,MYR,4.34
4/9/20,,MYR,4.32
4/10/20,,MYR,4.31
4/11/20,,MYR,4.31
4/12/20,,MYR,4.31
4/13/20,,MYR,4.33
4/14/20,,MYR,4.33
4/15/20,,MYR,4.34
4/16/20,,MYR,4.37
4/17/20,,MYR,4.37
4/18/20,,MYR,4.37
4/19/20,,MYR,4.37
4/20/20,,MYR,4.37
4/21/20,,MYR,4.40
4/22/20,,MYR,4.37
4/23/20,,MYR,4.36
4/24/20,,MYR,4.36
4/25/20,,MYR,4.36
4/26/20,,MYR,4.36
11/1/19,,NOK,9.09
11/4/19,,NOK,9.12
11/5/19,,NOK,9.19
11/6/19,,NOK,9.17
11/7/19,,NOK,9.13
11/8/19,,NOK,9.15
11/12/19,,NOK,9.14
11/13/19,,NOK,9.19
11/14/19,,NOK,9.18
11/15/19,,NOK,9.09
11/18/19,,NOK,9.10
11/19/19,,NOK,9.13
11/20/19,,NOK,9.14
11/21/19,,NOK,9.13
11/22/19,,NOK,9.16
11/25/19,,NOK,9.19
11/26/19,,NOK,9.17
11/27/19,,NOK,9.17
11/29/19,,NOK,9.22
12/2/19,,NOK,9.16
12/3/19,,NOK,9.18
12/4/19,,NOK,9.17
12/5/19,,NOK,9.13
12/6/19,,NOK,9.13
12/9/19,,NOK,9.14
12/10/19,,NOK,9.17
12/11/19,,NOK,9.15
12/12/19,,NOK,9.10
12/13/19,,NOK,9.05
12/16/19,,NOK,9.01
12/17/19,,NOK,9.02
12/18/19,,NOK,9.02
12/19/19,,NOK,8.96
12/20/19,,NOK,8.97
12/23/19,,NOK,8.95
12/24/19,,NOK,8.91
12/26/19,,NOK,8.88
12/27/19,,NOK,8.83
12/30/19,,NOK,8.78
12/31/19,,NOK,8.78
1/1/20,,NOK,8.77
1/2/20,,NOK,8.79
1/3/20,,NOK,8.83
1/4/20,,NOK,8.83
1/5/20,,NOK,8.84
1/6/20,,NOK,8.79
1/7/20,,NOK,8.86
1/8/20,,NOK,8.87
1/9/20,,NOK,8.88
1/10/20,,NOK,8.89
1/11/20,,NOK,8.89
1/12/20,,NOK,8.89
1/13/20,,NOK,8.89
1/14/20,,NOK,8.88
1/15/20,,NOK,8.86
1/16/20,,NOK,8.89
1/17/20,,NOK,8.91
1/18/20,,NOK,8.91
1/19/20,,NOK,8.91
1/20/20,,NOK,8.93
1/21/20,,NOK,8.99
1/22/20,,NOK,8.98
1/23/20,,NOK,9.00
1/24/20,,NOK,9.05
1/25/20,,NOK,9.05
1/26/20,,NOK,9.06
1/27/20,,NOK,9.14
1/28/20,,NOK,9.11
1/29/20,,NOK,9.16
1/30/20,,NOK,9.19
1/31/20,,NOK,9.20
2/1/20,,NOK,9.20
2/2/20,,NOK,9.21
2/3/20,,NOK,9.29
2/4/20,,NOK,9.21
2/5/20,,NOK,9.21
2/6/20,,NOK,9.22
2/7/20,,NOK,9.30
2/8/20,,NOK,9.30
2/9/20,,NOK,9.30
2/10/20,,NOK,9.29
2/11/20,,NOK,9.24
2/12/20,,NOK,9.24
2/13/20,,NOK,9.25
2/14/20,,NOK,9.25
2/15/20,,NOK,9.25
2/16/20,,NOK,9.24
2/17/20,,NOK,9.26
2/18/20,,NOK,9.33
2/19/20,,NOK,9.27
2/20/20,,NOK,9.32
2/21/20,,NOK,9.28
2/22/20,,NOK,9.28
2/23/20,,NOK,9.33
2/24/20,,NOK,9.35
2/25/20,,NOK,9.36
2/26/20,,NOK,9.40
2/27/20,,NOK,9.39
2/28/20,,NOK,9.40
2/29/20,,NOK,9.40
3/1/20,,NOK,9.42
3/2/20,,NOK,9.29
3/3/20,,NOK,9.28
3/4/20,,NOK,9.26
3/5/20,,NOK,9.29
3/6/20,,NOK,9.25
3/7/20,,NOK,9.26
3/8/20,,NOK,9.48
3/9/20,,NOK,9.55
3/10/20,,NOK,9.59
3/11/20,,NOK,9.70
3/12/20,,NOK,10.18
3/13/20,,NOK,10.08
3/14/20,,NOK,10.08
3/15/20,,NOK,10.14
3/16/20,,NOK,10.28
3/17/20,,NOK,10.53
3/18/20,,NOK,11.17
3/19/20,,NOK,11.45
3/20/20,,NOK,11.45
3/21/20,,NOK,11.45
3/22/20,,NOK,11.77
3/23/20,,NOK,11.52
3/24/20,,NOK,11.04
3/25/20,,NOK,10.72
3/26/20,,NOK,10.40
3/27/20,,NOK,10.49
3/28/20,,NOK,10.49
3/29/20,,NOK,10.49
3/30/20,,NOK,10.55
3/31/20,,NOK,10.42
4/1/20,,NOK,10.46
4/2/20,,NOK,10.40
4/3/20,,NOK,10.60
4/4/20,,NOK,10.60
4/5/20,,NOK,10.57
4/6/20,,NOK,10.42
4/7/20,,NOK,10.25
4/8/20,,NOK,10.23
4/9/20,,NOK,10.23
4/10/20,,NOK,10.20
4/11/20,,NOK,10.20
4/12/20,,NOK,10.23
4/13/20,,NOK,10.28
4/14/20,,NOK,10.30
4/15/20,,NOK,10.52
4/16/20,,NOK,10.37
4/17/20,,NOK,10.33
4/18/20,,NOK,10.33
4/19/20,,NOK,10.34
4/20/20,,NOK,10.44
4/21/20,,NOK,10.60
4/22/20,,NOK,10.79
4/23/20,,NOK,10.64
4/24/20,,NOK,10.61
4/25/20,,NOK,10.62
4/26/20,,NOK,10.62
11/1/19,,SEK,9.56
11/4/19,,SEK,9.60
11/5/19,,SEK,9.67
11/6/19,,SEK,9.62
11/7/19,,SEK,9.64
11/8/19,,SEK,9.71
11/12/19,,SEK,9.71
11/13/19,,SEK,9.73
11/14/19,,SEK,9.70
11/15/19,,SEK,9.65
11/18/19,,SEK,9.61
11/19/19,,SEK,9.64
11/20/19,,SEK,9.63
11/21/19,,SEK,9.63
11/22/19,,SEK,9.62
11/25/19,,SEK,9.65
11/26/19,,SEK,9.60
11/27/19,,SEK,9.58
11/29/19,,SEK,9.57
12/2/19,,SEK,9.54
12/3/19,,SEK,9.53
12/4/19,,SEK,9.52
12/5/19,,SEK,9.48
12/6/19,,SEK,9.49
12/9/19,,SEK,9.53
12/10/19,,SEK,9.50
12/11/19,,SEK,9.44
12/12/19,,SEK,9.41
12/13/19,,SEK,9.40
12/16/19,,SEK,9.37
12/17/19,,SEK,9.38
12/18/19,,SEK,9.42
12/19/19,,SEK,9.42
12/20/19,,SEK,9.41
12/23/19,,SEK,9.43
12/24/19,,SEK,9.41
12/26/19,,SEK,9.41
12/27/19,,SEK,9.34
12/30/19,,SEK,9.31
12/31/19,,SEK,9.34
1/1/20,,SEK,9.35
1/2/20,,SEK,9.37
1/3/20,,SEK,9.40
1/4/20,,SEK,9.40
1/5/20,,SEK,9.41
1/6/20,,SEK,9.40
1/7/20,,SEK,9.47
1/8/20,,SEK,9.45
1/9/20,,SEK,9.49
1/10/20,,SEK,9.50
1/11/20,,SEK,9.50
1/12/20,,SEK,9.50
1/13/20,,SEK,9.47
1/14/20,,SEK,9.47
1/15/20,,SEK,9.46
1/16/20,,SEK,9.49
1/17/20,,SEK,9.52
1/18/20,,SEK,9.52
1/19/20,,SEK,9.52
1/20/20,,SEK,9.52
1/21/20,,SEK,9.52
1/22/20,,SEK,9.50
1/23/20,,SEK,9.53
1/24/20,,SEK,9.56
1/25/20,,SEK,9.56
1/26/20,,SEK,9.58
1/27/20,,SEK,9.63
1/28/20,,SEK,9.61
1/29/20,,SEK,9.62
1/30/20,,SEK,9.65
1/31/20,,SEK,9.63
2/1/20,,SEK,9.63
2/2/20,,SEK,9.63
2/3/20,,SEK,9.65
2/4/20,,SEK,9.59
2/5/20,,SEK,9.59
2/6/20,,SEK,9.62
2/7/20,,SEK,9.66
2/8/20,,SEK,9.66
2/9/20,,SEK,9.66
2/10/20,,SEK,9.66
2/11/20,,SEK,9.63
2/12/20,,SEK,9.64
2/13/20,,SEK,9.67
2/14/20,,SEK,9.72
2/15/20,,SEK,9.72
2/16/20,,SEK,9.71
2/17/20,,SEK,9.69
2/18/20,,SEK,9.78
2/19/20,,SEK,9.78
2/20/20,,SEK,9.81
2/21/20,,SEK,9.72
2/22/20,,SEK,9.72
2/23/20,,SEK,9.75
2/24/20,,SEK,9.73
2/25/20,,SEK,9.72
2/26/20,,SEK,9.73
2/27/20,,SEK,9.66
2/28/20,,SEK,9.61
2/29/20,,SEK,9.61
3/1/20,,SEK,9.62
3/2/20,,SEK,9.54
3/3/20,,SEK,9.46
3/4/20,,SEK,9.47
3/5/20,,SEK,9.44
3/6/20,,SEK,9.40
3/7/20,,SEK,9.40
3/8/20,,SEK,9.39
3/9/20,,SEK,9.47
3/10/20,,SEK,9.51
3/11/20,,SEK,9.54
3/12/20,,SEK,9.75
3/13/20,,SEK,9.77
3/14/20,,SEK,9.77
3/15/20,,SEK,9.70
3/16/20,,SEK,9.79
3/17/20,,SEK,9.88
3/18/20,,SEK,10.21
3/19/20,,SEK,10.44
3/20/20,,SEK,10.38
3/21/20,,SEK,10.38
3/22/20,,SEK,10.45
3/23/20,,SEK,10.30
3/24/20,,SEK,10.12
3/25/20,,SEK,10.09
3/26/20,,SEK,9.94
3/27/20,,SEK,9.90
3/28/20,,SEK,9.90
3/29/20,,SEK,9.93
3/30/20,,SEK,10.04
3/31/20,,SEK,9.91
4/1/20,,SEK,10.03
4/2/20,,SEK,10.11
4/3/20,,SEK,10.19
4/4/20,,SEK,10.19
4/5/20,,SEK,10.19
4/6/20,,SEK,10.12
4/7/20,,SEK,10.05
4/8/20,,SEK,10.08
4/9/20,,SEK,9.95
4/10/20,,SEK,9.94
4/11/20,,SEK,9.94
4/12/20,,SEK,9.94
4/13/20,,SEK,9.99
4/14/20,,SEK,9.93
4/15/20,,SEK,10.05
4/16/20,,SEK,10.01
4/17/20,,SEK,9.98
4/18/20,,SEK,9.98
4/19/20,,SEK,9.99
4/20/20,,SEK,10.02
4/21/20,,SEK,10.10
4/22/20,,SEK,10.12
4/23/20,,SEK,10.07
4/24/20,,SEK,10.05
4/25/20,,SEK,10.05
4/26/20,,SEK,10.05
11/1/19,,LKR,181.10
11/4/19,,LKR,180.45
11/5/19,,LKR,180.20
11/6/19,,LKR,180.50
11/7/19,,LKR,180.69
11/8/19,,LKR,180.50
11/12/19,,LKR,180.33
11/13/19,,LKR,180.20
11/14/19,,LKR,180.30
11/15/19,,LKR,180.06
11/18/19,,LKR,179.45
11/19/19,,LKR,179.25
11/20/19,,LKR,179.20
11/21/19,,LKR,179.60
11/22/19,,LKR,179.93
11/25/19,,LKR,180.85
11/26/19,,LKR,181.50
11/27/19,,LKR,180.95
11/29/19,,LKR,180.85
12/2/19,,LKR,181.25
12/3/19,,LKR,181.50
12/4/19,,LKR,181.14
12/5/19,,LKR,181.40
12/6/19,,LKR,181.10
12/9/19,,LKR,181.13
12/10/19,,LKR,181.03
12/11/19,,LKR,181.03
12/12/19,,LKR,180.80
12/13/19,,LKR,181.00
12/16/19,,LKR,181.07
12/17/19,,LKR,181.10
12/18/19,,LKR,181.10
12/19/19,,LKR,181.40
12/20/19,,LKR,181.00
12/23/19,,LKR,181.25
12/24/19,,LKR,181.30
12/26/19,,LKR,181.30
12/27/19,,LKR,181.35
12/30/19,,LKR,181.60
12/31/19,,LKR,181.30
1/1/20,,LKR,182.31
1/2/20,,LKR,181.41
1/3/20,,LKR,181.40
1/4/20,,LKR,181.40
1/5/20,,LKR,181.40
1/6/20,,LKR,181.40
1/7/20,,LKR,181.31
1/8/20,,LKR,181.57
1/9/20,,LKR,181.29
1/10/20,,LKR,181.33
1/11/20,,LKR,180.91
1/12/20,,LKR,180.91
1/13/20,,LKR,181.55
1/14/20,,LKR,181.50
1/15/20,,LKR,181.40
1/16/20,,LKR,181.20
1/17/20,,LKR,181.24
1/18/20,,LKR,181.24
1/19/20,,LKR,181.24
1/20/20,,LKR,181.33
1/21/20,,LKR,181.42
1/22/20,,LKR,181.48
1/23/20,,LKR,181.52
1/24/20,,LKR,181.61
1/25/20,,LKR,181.61
1/26/20,,LKR,181.61
1/27/20,,LKR,181.57
1/28/20,,LKR,181.51
1/29/20,,LKR,181.47
1/30/20,,LKR,181.51
1/31/20,,LKR,181.43
2/1/20,,LKR,181.43
2/2/20,,LKR,181.43
2/3/20,,LKR,181.45
2/4/20,,LKR,181.54
2/5/20,,LKR,181.38
2/6/20,,LKR,181.45
2/7/20,,LKR,181.44
2/8/20,,LKR,181.44
2/9/20,,LKR,181.44
2/10/20,,LKR,181.46
2/11/20,,LKR,181.48
2/12/20,,LKR,181.45
2/13/20,,LKR,181.50
2/14/20,,LKR,181.46
2/15/20,,LKR,181.46
2/16/20,,LKR,181.46
2/17/20,,LKR,181.57
2/18/20,,LKR,181.64
2/19/20,,LKR,181.97
2/20/20,,LKR,181.67
2/21/20,,LKR,181.72
2/22/20,,LKR,181.72
2/23/20,,LKR,181.72
2/24/20,,LKR,181.75
2/25/20,,LKR,181.77
2/26/20,,LKR,181.57
2/27/20,,LKR,181.82
2/28/20,,LKR,181.87
2/29/20,,LKR,181.87
3/1/20,,LKR,181.87
3/2/20,,LKR,182.03
3/3/20,,LKR,181.99
3/4/20,,LKR,182.08
3/5/20,,LKR,181.80
3/6/20,,LKR,182.03
3/7/20,,LKR,182.03
3/8/20,,LKR,182.03
3/9/20,,LKR,182.06
3/10/20,,LKR,182.60
3/11/20,,LKR,183.71
3/12/20,,LKR,182.87
3/13/20,,LKR,184.40
3/14/20,,LKR,184.40
3/15/20,,LKR,184.40
3/16/20,,LKR,184.36
3/17/20,,LKR,184.71
3/18/20,,LKR,185.67
3/19/20,,LKR,186.39
3/20/20,,LKR,186.68
3/21/20,,LKR,186.68
3/22/20,,LKR,186.68
3/23/20,,LKR,185.68
3/24/20,,LKR,187.63
3/25/20,,LKR,186.95
3/26/20,,LKR,187.38
3/27/20,,LKR,188.28
3/28/20,,LKR,188.28
3/29/20,,LKR,186.24
3/30/20,,LKR,188.24
3/31/20,,LKR,189.59
4/1/20,,LKR,189.57
4/2/20,,LKR,190.34
4/3/20,,LKR,190.52
4/4/20,,LKR,190.52
4/5/20,,LKR,190.52
4/6/20,,LKR,193.24
4/7/20,,LKR,193.30
4/8/20,,LKR,193.56
4/9/20,,LKR,190.96
4/10/20,,LKR,189.89
4/11/20,,LKR,189.89
4/12/20,,LKR,189.89
4/13/20,,LKR,189.36
4/14/20,,LKR,190.91
4/15/20,,LKR,191.54
4/16/20,,LKR,192.05
4/17/20,,LKR,191.97
4/18/20,,LKR,191.31
4/19/20,,LKR,191.31
4/20/20,,LKR,192.54
4/21/20,,LKR,192.57
4/22/20,,LKR,193.51
4/23/20,,LKR,192.94
4/24/20,,LKR,193.03
4/25/20,,LKR,193.03
4/26/20,,LKR,193.03
11/1/19,,CHF,0.99
11/4/19,,CHF,0.99
11/5/19,,CHF,0.99
11/6/19,,CHF,0.99
11/7/19,,CHF,1.00
11/8/19,,CHF,1.00
11/12/19,,CHF,0.99
11/13/19,,CHF,0.99
11/14/19,,CHF,0.99
11/15/19,,CHF,0.99
11/18/19,,CHF,0.99
11/19/19,,CHF,0.99
11/20/19,,CHF,0.99
11/21/19,,CHF,0.99
11/22/19,,CHF,1.00
11/25/19,,CHF,1.00
11/26/19,,CHF,1.00
11/27/19,,CHF,1.00
11/29/19,,CHF,1.00
12/2/19,,CHF,0.99
12/3/19,,CHF,0.99
12/4/19,,CHF,0.99
12/5/19,,CHF,0.99
12/6/19,,CHF,0.99
12/9/19,,CHF,0.99
12/10/19,,CHF,0.99
12/11/19,,CHF,0.99
12/12/19,,CHF,0.99
12/13/19,,CHF,0.98
12/16/19,,CHF,0.98
12/17/19,,CHF,0.98
12/18/19,,CHF,0.98
12/19/19,,CHF,0.98
12/20/19,,CHF,0.98
12/23/19,,CHF,0.98
12/24/19,,CHF,0.98
12/26/19,,CHF,0.98
12/27/19,,CHF,0.97
12/30/19,,CHF,0.97
12/31/19,,CHF,0.97
1/1/20,,CHF,0.97
1/2/20,,CHF,0.97
1/3/20,,CHF,0.97
1/4/20,,CHF,0.97
1/5/20,,CHF,0.97
1/6/20,,CHF,0.97
1/7/20,,CHF,0.97
1/8/20,,CHF,0.97
1/9/20,,CHF,0.97
1/10/20,,CHF,0.97
1/11/20,,CHF,0.97
1/12/20,,CHF,0.97
1/13/20,,CHF,0.97
1/14/20,,CHF,0.97
1/15/20,,CHF,0.96
1/16/20,,CHF,0.97
1/17/20,,CHF,0.97
1/18/20,,CHF,0.97
1/19/20,,CHF,0.97
1/20/20,,CHF,0.97
1/21/20,,CHF,0.97
1/22/20,,CHF,0.97
1/23/20,,CHF,0.97
1/24/20,,CHF,0.97
1/25/20,,CHF,0.97
1/26/20,,CHF,0.97
1/27/20,,CHF,0.97
1/28/20,,CHF,0.97
1/29/20,,CHF,0.97
1/30/20,,CHF,0.97
1/31/20,,CHF,0.96
2/1/20,,CHF,0.96
2/2/20,,CHF,0.96
2/3/20,,CHF,0.97
2/4/20,,CHF,0.97
2/5/20,,CHF,0.97
2/6/20,,CHF,0.97
2/7/20,,CHF,0.98
2/8/20,,CHF,0.98
2/9/20,,CHF,0.98
2/10/20,,CHF,0.98
2/11/20,,CHF,0.98
2/12/20,,CHF,0.98
2/13/20,,CHF,0.98
2/14/20,,CHF,0.98
2/15/20,,CHF,0.98
2/16/20,,CHF,0.98
2/17/20,,CHF,0.98
2/18/20,,CHF,0.98
2/19/20,,CHF,0.98
2/20/20,,CHF,0.98
2/21/20,,CHF,0.98
2/22/20,,CHF,0.98
2/23/20,,CHF,0.98
2/24/20,,CHF,0.98
2/25/20,,CHF,0.98
2/26/20,,CHF,0.98
2/27/20,,CHF,0.97
2/28/20,,CHF,0.96
2/29/20,,CHF,0.96
3/1/20,,CHF,0.96
3/2/20,,CHF,0.96
3/3/20,,CHF,0.96
3/4/20,,CHF,0.96
3/5/20,,CHF,0.95
3/6/20,,CHF,0.94
3/7/20,,CHF,0.94
3/8/20,,CHF,0.93
3/9/20,,CHF,0.93
3/10/20,,CHF,0.94
3/11/20,,CHF,0.94
3/12/20,,CHF,0.94
3/13/20,,CHF,0.95
3/14/20,,CHF,0.95
3/15/20,,CHF,0.95
3/16/20,,CHF,0.95
3/17/20,,CHF,0.96
3/18/20,,CHF,0.97
3/19/20,,CHF,0.99
3/20/20,,CHF,0.99
3/21/20,,CHF,0.99
3/22/20,,CHF,0.99
3/23/20,,CHF,0.98
3/24/20,,CHF,0.98
3/25/20,,CHF,0.98
3/26/20,,CHF,0.96
3/27/20,,CHF,0.95
3/28/20,,CHF,0.95
3/29/20,,CHF,0.95
3/30/20,,CHF,0.96
3/31/20,,CHF,0.96
4/1/20,,CHF,0.97
4/2/20,,CHF,0.97
4/3/20,,CHF,0.98
4/4/20,,CHF,0.98
4/5/20,,CHF,0.98
4/6/20,,CHF,0.98
4/7/20,,CHF,0.97
4/8/20,,CHF,0.97
4/9/20,,CHF,0.97
4/10/20,,CHF,0.96
4/11/20,,CHF,0.97
4/12/20,,CHF,0.97
4/13/20,,CHF,0.97
4/14/20,,CHF,0.96
4/15/20,,CHF,0.97
4/16/20,,CHF,0.97
4/17/20,,CHF,0.97
4/18/20,,CHF,0.97
4/19/20,,CHF,0.97
4/20/20,,CHF,0.97
4/21/20,,CHF,0.97
4/22/20,,CHF,0.97
4/23/20,,CHF,0.98
4/24/20,,CHF,0.97
4/25/20,,CHF,0.97
4/26/20,,CHF,0.97
11/1/19,,TWD,30.45
11/4/19,,TWD,30.42
11/5/19,,TWD,30.39
11/6/19,,TWD,30.39
11/7/19,,TWD,30.35
11/8/19,,TWD,30.37
11/12/19,,TWD,30.41
11/13/19,,TWD,30.50
11/14/19,,TWD,30.55
11/15/19,,TWD,30.50
11/18/19,,TWD,30.50
11/19/19,,TWD,30.50
11/20/19,,TWD,30.50
11/21/19,,TWD,30.52
11/22/19,,TWD,30.51
11/25/19,,TWD,30.51
11/26/19,,TWD,30.51
11/27/19,,TWD,30.50
11/29/19,,TWD,30.50
12/2/19,,TWD,30.51
12/3/19,,TWD,30.50
12/4/19,,TWD,30.50
12/5/19,,TWD,30.48
12/6/19,,TWD,30.48
12/9/19,,TWD,30.47
12/10/19,,TWD,30.47
12/11/19,,TWD,30.45
12/12/19,,TWD,30.22
12/13/19,,TWD,30.24
12/16/19,,TWD,30.11
12/17/19,,TWD,30.13
12/18/19,,TWD,30.15
12/19/19,,TWD,30.16
12/20/19,,TWD,30.14
12/23/19,,TWD,30.14
12/24/19,,TWD,30.14
12/26/19,,TWD,30.11
12/27/19,,TWD,30.09
12/30/19,,TWD,30.04
12/31/19,,TWD,29.91
1/1/20,,TWD,29.85
1/2/20,,TWD,29.91
1/3/20,,TWD,30.05
1/4/20,,TWD,30.05
1/5/20,,TWD,30.05
1/6/20,,TWD,30.06
1/7/20,,TWD,30.00
1/8/20,,TWD,30.02
1/9/20,,TWD,29.96
1/10/20,,TWD,29.98
1/11/20,,TWD,29.98
1/12/20,,TWD,29.98
1/13/20,,TWD,29.89
1/14/20,,TWD,29.83
1/15/20,,TWD,29.95
1/16/20,,TWD,29.91
1/17/20,,TWD,29.97
1/18/20,,TWD,29.97
1/19/20,,TWD,29.97
1/20/20,,TWD,29.91
1/21/20,,TWD,30.06
1/22/20,,TWD,29.93
1/23/20,,TWD,29.99
1/24/20,,TWD,30.04
1/25/20,,TWD,30.04
1/26/20,,TWD,30.03
1/27/20,,TWD,30.09
1/28/20,,TWD,30.02
1/29/20,,TWD,30.11
1/30/20,,TWD,30.22
1/31/20,,TWD,30.36
2/1/20,,TWD,30.36
2/2/20,,TWD,30.36
2/3/20,,TWD,30.26
2/4/20,,TWD,30.03
2/5/20,,TWD,29.97
2/6/20,,TWD,30.03
2/7/20,,TWD,30.18
2/8/20,,TWD,30.18
2/9/20,,TWD,30.18
2/10/20,,TWD,30.04
2/11/20,,TWD,29.96
2/12/20,,TWD,29.93
2/13/20,,TWD,30.00
2/14/20,,TWD,30.03
2/15/20,,TWD,30.03
2/16/20,,TWD,30.03
2/17/20,,TWD,30.03
2/18/20,,TWD,30.06
2/19/20,,TWD,30.17
2/20/20,,TWD,30.30
2/21/20,,TWD,30.40
2/22/20,,TWD,30.40
2/23/20,,TWD,30.40
2/24/20,,TWD,30.36
2/25/20,,TWD,30.42
2/26/20,,TWD,30.22
2/27/20,,TWD,30.21
2/28/20,,TWD,30.14
2/29/20,,TWD,30.14
3/1/20,,TWD,30.14
3/2/20,,TWD,29.82
3/3/20,,TWD,29.78
3/4/20,,TWD,29.78
3/5/20,,TWD,29.92
3/6/20,,TWD,29.92
3/7/20,,TWD,29.92
3/8/20,,TWD,29.92
3/9/20,,TWD,30.00
3/10/20,,TWD,29.75
3/11/20,,TWD,30.07
3/12/20,,TWD,29.96
3/13/20,,TWD,30.11
3/14/20,,TWD,30.11
3/15/20,,TWD,30.11
3/16/20,,TWD,30.25
3/17/20,,TWD,30.04
3/18/20,,TWD,30.14
3/19/20,,TWD,30.34
3/20/20,,TWD,30.27
3/21/20,,TWD,30.27
3/22/20,,TWD,30.27
3/23/20,,TWD,30.23
3/24/20,,TWD,30.16
3/25/20,,TWD,30.29
3/26/20,,TWD,30.15
3/27/20,,TWD,30.18
3/28/20,,TWD,30.18
3/29/20,,TWD,30.18
3/30/20,,TWD,30.04
3/31/20,,TWD,30.24
4/1/20,,TWD,30.23
4/2/20,,TWD,30.10
4/3/20,,TWD,30.27
4/4/20,,TWD,30.27
4/5/20,,TWD,30.26
4/6/20,,TWD,30.08
4/7/20,,TWD,30.10
4/8/20,,TWD,30.08
4/9/20,,TWD,30.07
4/10/20,,TWD,30.04
4/11/20,,TWD,30.04
4/12/20,,TWD,30.04
4/13/20,,TWD,29.89
4/14/20,,TWD,30.04
4/15/20,,TWD,29.91
4/16/20,,TWD,29.94
4/17/20,,TWD,30.05
4/18/20,,TWD,30.05
4/19/20,,TWD,30.05
4/20/20,,TWD,30.05
4/21/20,,TWD,30.11
4/22/20,,TWD,30.07
4/23/20,,TWD,29.86
4/24/20,,TWD,30.09
4/25/20,,TWD,30.09
4/26/20,,TWD,30.09
11/1/19,,THB,30.17
11/4/19,,THB,30.20
11/5/19,,THB,30.24
11/6/19,,THB,30.29
11/7/19,,THB,30.43
11/8/19,,THB,30.37
11/12/19,,THB,30.34
11/13/19,,THB,30.22
11/14/19,,THB,30.20
11/15/19,,THB,30.26
11/18/19,,THB,30.19
11/19/19,,THB,30.19
11/20/19,,THB,30.19
11/21/19,,THB,30.21
11/22/19,,THB,30.20
11/25/19,,THB,30.19
11/26/19,,THB,30.23
11/27/19,,THB,30.23
11/29/19,,THB,30.22
12/2/19,,THB,30.27
12/3/19,,THB,30.26
12/4/19,,THB,30.31
12/5/19,,THB,30.36
12/6/19,,THB,30.35
12/9/19,,THB,30.31
12/10/19,,THB,30.30
12/11/19,,THB,30.25
12/12/19,,THB,30.16
12/13/19,,THB,30.21
12/16/19,,THB,30.22
12/17/19,,THB,30.24
12/18/19,,THB,30.20
12/19/19,,THB,30.19
12/20/19,,THB,30.19
12/23/19,,THB,30.16
12/24/19,,THB,30.15
12/26/19,,THB,30.15
12/27/19,,THB,30.14
12/30/19,,THB,29.94
12/31/19,,THB,29.75
1/1/20,,THB,30.07
1/2/20,,THB,30.15
1/3/20,,THB,30.18
1/4/20,,THB,30.18
1/5/20,,THB,30.16
1/6/20,,THB,30.15
1/7/20,,THB,30.30
1/8/20,,THB,30.35
1/9/20,,THB,30.27
1/10/20,,THB,30.22
1/11/20,,THB,30.25
1/12/20,,THB,30.23
1/13/20,,THB,30.21
1/14/20,,THB,30.28
1/15/20,,THB,30.29
1/16/20,,THB,30.36
1/17/20,,THB,30.42
1/18/20,,THB,30.42
1/19/20,,THB,30.40
1/20/20,,THB,30.34
1/21/20,,THB,30.41
1/22/20,,THB,30.38
1/23/20,,THB,30.51
1/24/20,,THB,30.54
1/25/20,,THB,30.54
1/26/20,,THB,30.65
1/27/20,,THB,30.71
1/28/20,,THB,30.79
1/29/20,,THB,30.98
1/30/20,,THB,31.13
1/31/20,,THB,31.21
2/1/20,,THB,31.21
2/2/20,,THB,31.18
2/3/20,,THB,31.08
2/4/20,,THB,30.99
2/5/20,,THB,31.00
2/6/20,,THB,31.17
2/7/20,,THB,31.33
2/8/20,,THB,31.33
2/9/20,,THB,31.37
2/10/20,,THB,31.30
2/11/20,,THB,31.19
2/12/20,,THB,31.19
2/13/20,,THB,31.16
2/14/20,,THB,31.21
2/15/20,,THB,31.21
2/16/20,,THB,31.16
2/17/20,,THB,31.19
2/18/20,,THB,31.18
2/19/20,,THB,31.22
2/20/20,,THB,31.48
2/21/20,,THB,31.55
2/22/20,,THB,31.55
2/23/20,,THB,31.70
2/24/20,,THB,31.66
2/25/20,,THB,31.74
2/26/20,,THB,31.85
2/27/20,,THB,31.66
2/28/20,,THB,31.53
2/29/20,,THB,31.53
3/1/20,,THB,31.52
3/2/20,,THB,31.45
3/3/20,,THB,31.43
3/4/20,,THB,31.34
3/5/20,,THB,31.58
3/6/20,,THB,31.47
3/7/20,,THB,31.41
3/8/20,,THB,31.40
3/9/20,,THB,31.46
3/10/20,,THB,31.45
3/11/20,,THB,31.51
3/12/20,,THB,31.73
3/13/20,,THB,31.77
3/14/20,,THB,31.77
3/15/20,,THB,31.72
3/16/20,,THB,32.17
3/17/20,,THB,32.22
3/18/20,,THB,32.50
3/19/20,,THB,32.61
3/20/20,,THB,32.60
3/21/20,,THB,32.60
3/22/20,,THB,32.83
3/23/20,,THB,32.79
3/24/20,,THB,32.77
3/25/20,,THB,32.79
3/26/20,,THB,32.61
3/27/20,,THB,32.53
3/28/20,,THB,32.53
3/29/20,,THB,32.56
3/30/20,,THB,32.65
3/31/20,,THB,32.73
4/1/20,,THB,33.09
4/2/20,,THB,32.93
4/3/20,,THB,33.02
4/4/20,,THB,33.02
4/5/20,,THB,32.98
4/6/20,,THB,32.80
4/7/20,,THB,32.76
4/8/20,,THB,32.75
4/9/20,,THB,32.69
4/10/20,,THB,32.69
4/11/20,,THB,32.69
4/12/20,,THB,32.69
4/13/20,,THB,32.72
4/14/20,,THB,32.65
4/15/20,,THB,32.71
4/16/20,,THB,32.61
4/17/20,,THB,32.52
4/18/20,,THB,32.54
4/19/20,,THB,32.50
4/20/20,,THB,32.49
4/21/20,,THB,32.51
4/22/20,,THB,32.38
4/23/20,,THB,32.37
4/24/20,,THB,32.46
4/25/20,,THB,32.44
4/26/20,,THB,32.44
11/1/19,,EUR,0.90
11/4/19,,EUR,0.90
11/5/19,,EUR,0.90
11/6/19,,EUR,0.90
11/7/19,,EUR,0.91
11/8/19,,EUR,0.91
11/12/19,,EUR,0.91
11/13/19,,EUR,0.91
11/14/19,,EUR,0.91
11/15/19,,EUR,0.91
11/18/19,,EUR,0.90
11/19/19,,EUR,0.90
11/20/19,,EUR,0.90
11/21/19,,EUR,0.90
11/22/19,,EUR,0.91
11/25/19,,EUR,0.91
11/26/19,,EUR,0.91
11/27/19,,EUR,0.91
11/29/19,,EUR,0.91
12/2/19,,EUR,0.90
12/3/19,,EUR,0.90
12/4/19,,EUR,0.90
12/5/19,,EUR,0.90
12/6/19,,EUR,0.90
12/9/19,,EUR,0.90
12/10/19,,EUR,0.90
12/11/19,,EUR,0.90
12/12/19,,EUR,0.90
12/13/19,,EUR,0.90
12/16/19,,EUR,0.90
12/17/19,,EUR,0.90
12/18/19,,EUR,0.90
12/19/19,,EUR,0.90
12/20/19,,EUR,0.90
12/23/19,,EUR,0.90
12/24/19,,EUR,0.90
12/26/19,,EUR,0.90
12/27/19,,EUR,0.89
12/30/19,,EUR,0.89
12/31/19,,EUR,0.89
1/1/20,,EUR,0.89
1/2/20,,EUR,0.90
1/3/20,,EUR,0.90
1/4/20,,EUR,0.90
1/5/20,,EUR,0.90
1/6/20,,EUR,0.89
1/7/20,,EUR,0.90
1/8/20,,EUR,0.90
1/9/20,,EUR,0.90
1/10/20,,EUR,0.90
1/11/20,,EUR,0.90
1/12/20,,EUR,0.90
1/13/20,,EUR,0.90
1/14/20,,EUR,0.90
1/15/20,,EUR,0.90
1/16/20,,EUR,0.90
1/17/20,,EUR,0.90
1/18/20,,EUR,0.90
1/19/20,,EUR,0.90
1/20/20,,EUR,0.90
1/21/20,,EUR,0.90
1/22/20,,EUR,0.90
1/23/20,,EUR,0.90
1/24/20,,EUR,0.91
1/25/20,,EUR,0.91
1/26/20,,EUR,0.91
1/27/20,,EUR,0.91
1/28/20,,EUR,0.91
1/29/20,,EUR,0.91
1/30/20,,EUR,0.91
1/31/20,,EUR,0.90
2/1/20,,EUR,0.90
2/2/20,,EUR,0.90
2/3/20,,EUR,0.90
2/4/20,,EUR,0.91
2/5/20,,EUR,0.91
2/6/20,,EUR,0.91
2/7/20,,EUR,0.91
2/8/20,,EUR,0.91
2/9/20,,EUR,0.91
2/10/20,,EUR,0.92
2/11/20,,EUR,0.92
2/12/20,,EUR,0.92
2/13/20,,EUR,0.92
2/14/20,,EUR,0.92
2/15/20,,EUR,0.92
2/16/20,,EUR,0.92
2/17/20,,EUR,0.92
2/18/20,,EUR,0.93
2/19/20,,EUR,0.93
2/20/20,,EUR,0.93
2/21/20,,EUR,0.92
2/22/20,,EUR,0.92
2/23/20,,EUR,0.92
2/24/20,,EUR,0.92
2/25/20,,EUR,0.92
2/26/20,,EUR,0.92
2/27/20,,EUR,0.91
2/28/20,,EUR,0.91
2/29/20,,EUR,0.91
3/1/20,,EUR,0.90
3/2/20,,EUR,0.90
3/3/20,,EUR,0.89
3/4/20,,EUR,0.90
3/5/20,,EUR,0.89
3/6/20,,EUR,0.89
3/7/20,,EUR,0.89
3/8/20,,EUR,0.88
3/9/20,,EUR,0.88
3/10/20,,EUR,0.88
3/11/20,,EUR,0.89
3/12/20,,EUR,0.89
3/13/20,,EUR,0.90
3/14/20,,EUR,0.90
3/15/20,,EUR,0.90
3/16/20,,EUR,0.90
3/17/20,,EUR,0.91
3/18/20,,EUR,0.91
3/19/20,,EUR,0.94
3/20/20,,EUR,0.93
3/21/20,,EUR,0.93
3/22/20,,EUR,0.94
3/23/20,,EUR,0.93
3/24/20,,EUR,0.93
3/25/20,,EUR,0.92
3/26/20,,EUR,0.91
3/27/20,,EUR,0.90
3/28/20,,EUR,0.90
3/29/20,,EUR,0.90
3/30/20,,EUR,0.91
3/31/20,,EUR,0.91
4/1/20,,EUR,0.91
4/2/20,,EUR,0.92
4/3/20,,EUR,0.93
4/4/20,,EUR,0.93
4/5/20,,EUR,0.93
4/6/20,,EUR,0.93
4/7/20,,EUR,0.92
4/8/20,,EUR,0.92
4/9/20,,EUR,0.92
4/10/20,,EUR,0.91
4/11/20,,EUR,0.91
4/12/20,,EUR,0.91
4/13/20,,EUR,0.92
4/14/20,,EUR,0.91
4/15/20,,EUR,0.92
4/16/20,,EUR,0.92
4/17/20,,EUR,0.92
4/18/20,,EUR,0.92
4/19/20,,EUR,0.92
4/20/20,,EUR,0.92
4/21/20,,EUR,0.92
4/22/20,,EUR,0.93
4/23/20,,EUR,0.93
4/24/20,,EUR,0.92
4/25/20,,EUR,0.92
4/26/20,,EUR,0.92